,상호명,상권업종대분류명,상권업종중분류명,상권업종소분류명,시도명,시군구명,행정동명,법정동명,도로명주소,경도,위도,브랜드명
2409,파리바게뜨,음식,기타 간이,빵/도넛,서울특별시,중랑구,상봉2동,상봉동,서울특별시 중랑구 면목로 480,127.086178346161,37.5948301738765,파리바게트
2782,파리바게뜨오금현대,음식,기타 간이,빵/도넛,서울특별시,송파구,오금동,오금동,서울특별시 송파구 마천로 76,127.12865485053,37.5073166699966,파리바게트
4459,파리바게뜨,음식,기타 간이,빵/도넛,서울특별시,광진구,광장동,광장동,서울특별시 광진구 아차산로70길 26,127.1011954862,37.5419457525954,파리바게트
6288,파리바게트그라시움,음식,기타 간이,빵/도넛,서울특별시,강동구,고덕2동,고덕동,서울특별시 강동구 고덕로 333,127.159471263976,37.5561971380176,파리바게트
7145,파리바게트양재역,음식,기타 간이,빵/도넛,서울특별시,서초구,양재1동,양재동,서울특별시 서초구 강남대로 213,127.034933598472,37.4827552071824,파리바게트
8578,파리바게뜨쌍문초교,음식,기타 간이,빵/도넛,서울특별시,도봉구,쌍문1동,쌍문동,서울특별시 도봉구 노해로41길 26,127.026044388158,37.6498260888722,파리바게트
8966,파리바게뜨,음식,기타 간이,빵/도넛,서울특별시,마포구,서교동,서교동,서울특별시 마포구 양화로 71,126.915887011758,37.5512834281848,파리바게트
9339,파리바게뜨등촌그랜드점,음식,기타 간이,빵/도넛,서울특별시,강서구,등촌3동,등촌동,서울특별시 강서구 공항대로41길 65,126.84610585722,37.5607857289971,파리바게트
13141,파리바게트일원주공점,음식,기타 간이,빵/도넛,서울특별시,강남구,일원1동,일원동,서울특별시 강남구 양재대로55길 13,127.087572122127,37.4916884712961,파리바게트
13466,파리바게트,음식,기타 간이,빵/도넛,서울특별시,동대문구,제기동,제기동,서울특별시 동대문구 고산자로 564,127.036714043036,37.5896613113043,파리바게트
13689,파리바게뜨장위뉴타운점,음식,기타 간이,빵/도넛,서울특별시,성북구,장위3동,장위동,서울특별시 성북구 한천로 713,127.051701757032,37.6212109798833,파리바게트
14258,파리바게뜨장안2동점,음식,기타 간이,빵/도넛,서울특별시,동대문구,장안2동,장안동,서울특별시 동대문구 장한로32길 17,127.073045603808,37.5754093534725,파리바게트
15248,파리바게뜨마곡힐스테이트,음식,기타 간이,빵/도넛,서울특별시,강서구,공항동,마곡동,서울특별시 강서구 마곡중앙1로 71,126.817859612779,37.5568931416776,파리바게트
15423,파리바게뜨하계,음식,기타 간이,빵/도넛,서울특별시,노원구,하계1동,하계동,서울특별시 노원구 노원로 254,127.073521699785,37.6401889910485,파리바게트
15624,파리바게트홍은벽산,음식,기타 간이,빵/도넛,서울특별시,서대문구,홍은1동,홍은동,서울특별시 서대문구 홍은중앙로 29,126.946066345821,37.5941217165055,파리바게트
15792,파리바게뜨당곡,음식,기타 간이,빵/도넛,서울특별시,관악구,보라매동,봉천동,서울특별시 관악구 보라매로 14,126.927596839164,37.4906689822146,파리바게트
15896,파리바게뜨도원,음식,기타 간이,빵/도넛,서울특별시,용산구,용문동,도원동,서울특별시 용산구 새창로 70,126.9549275206,37.5385973487808,파리바게트
16008,파리바게트구일역점,음식,기타 간이,빵/도넛,서울특별시,구로구,구로1동,구로동,서울특별시 구로구 구일로10길 27,126.872546321115,37.4961303474888,파리바게트
16869,파리바게뜨목2점,음식,기타 간이,빵/도넛,서울특별시,양천구,목2동,목동,서울특별시 양천구 목동중앙북로 73,126.87148888236,37.5468307782502,파리바게트
17133,파리바게트불광로데오,음식,기타 간이,빵/도넛,서울특별시,은평구,대조동,대조동,서울특별시 은평구 통일로 747,126.928215003379,37.6118464496847,파리바게트
17814,파리바게뜨방배역센트럴,음식,기타 간이,빵/도넛,서울특별시,서초구,방배1동,방배동,서울특별시 서초구 방배로 83,126.996988175801,37.4818534778462,파리바게트
18465,파리바게뜨,음식,기타 간이,빵/도넛,서울특별시,중구,을지로동,저동2가,서울특별시 중구 마른내로 17-1,126.989773699122,37.5649678171831,파리바게트
18582,파리바게트노들역점,음식,기타 간이,빵/도넛,서울특별시,동작구,노량진1동,본동,서울특별시 동작구 매봉로 180,126.952297188156,37.5122725181177,파리바게트
18825,파리바게뜨둔촌점,음식,기타 간이,빵/도넛,서울특별시,강동구,둔촌2동,둔촌동,서울특별시 강동구 천호대로 1200,127.144642879281,37.5345464025386,파리바게트
19570,파리바게뜨,음식,기타 간이,빵/도넛,서울특별시,서초구,반포4동,반포동,서울특별시 서초구 신반포로 176,127.00239321346,37.5039300142165,파리바게트
20700,파리바게뜨,음식,기타 간이,빵/도넛,서울특별시,구로구,개봉2동,개봉동,서울특별시 구로구 개봉로20길 66,126.858022591317,37.493368801959,파리바게트
21104,응암역파리바게뜨,음식,기타 간이,빵/도넛,서울특별시,은평구,역촌동,역촌동,서울특별시 은평구 진흥로 9,126.916552860669,37.5998553528335,파리바게트
21126,파리바게트양천향교점,음식,기타 간이,빵/도넛,서울특별시,강서구,등촌3동,등촌동,서울특별시 강서구 강서로 462,126.841386428116,37.5666052206717,파리바게트
22102,파리바게뜨신림,음식,기타 간이,빵/도넛,서울특별시,관악구,미성동,신림동,서울특별시 관악구 남부순환로 1434,126.91004475174,37.4806869197161,파리바게트
22161,파리바게뜨숭실대점,음식,기타 간이,빵/도넛,서울특별시,동작구,상도1동,상도동,서울특별시 동작구 상도로 360,126.953026465274,37.4965016197655,파리바게트
23032,파리바게뜨고척2동점,음식,기타 간이,빵/도넛,서울특별시,구로구,고척2동,고척동,서울특별시 구로구 고척로 233,126.858852849676,37.5064329251698,파리바게트
23159,파리바게뜨봉천역점,음식,기타 간이,빵/도넛,서울특별시,관악구,은천동,봉천동,서울특별시 관악구 남부순환로 1733,126.94273981067,37.4825428393964,파리바게트
23490,파리바게트,음식,기타 간이,빵/도넛,서울특별시,송파구,잠실3동,잠실동,서울특별시 송파구 송파대로 567,127.093034822493,37.5131306848918,파리바게트
23664,파리바게뜨경찰병원역점,음식,기타 간이,빵/도넛,서울특별시,송파구,가락본동,가락동,서울특별시 송파구 중대로 132,127.122733092957,37.4943155808484,파리바게트
23992,파리바게뜨천왕역점,음식,기타 간이,빵/도넛,서울특별시,구로구,오류2동,천왕동,서울특별시 구로구 천왕로 106,126.838538716764,37.4860335821924,파리바게트
25147,파리바게뜨,음식,기타 간이,빵/도넛,서울특별시,강남구,대치1동,대치동,서울특별시 강남구 삼성로 155,127.06290321902,37.4939282273061,파리바게트
25251,파리바게트서울대학교점,음식,기타 간이,빵/도넛,서울특별시,관악구,대학동,신림동,서울특별시 관악구 관악로 1,126.959279517057,37.4680295491979,파리바게트
25391,파리바게트구로역점,음식,기타 간이,빵/도넛,서울특별시,구로구,구로5동,구로동,서울특별시 구로구 새말로 18,126.8831347554,37.5019795933614,파리바게트
25451,파리크라상파리바게뜨강남,음식,기타 간이,빵/도넛,서울특별시,서초구,서초2동,서초동,서울특별시 서초구 강남대로 331,127.029570942939,37.4926138967028,파리바게트
26233,파리바게뜨을지로,음식,기타 간이,빵/도넛,서울특별시,중구,을지로동,을지로3가,서울특별시 중구 을지로 129,126.992631378876,37.5662627060773,파리바게트
27375,파리바게뜨신림,음식,기타 간이,빵/도넛,서울특별시,관악구,서원동,신림동,서울특별시 관악구 남부순환로 1630,126.931736729509,37.4842369531262,파리바게트
28228,파리바게뜨,음식,기타 간이,빵/도넛,서울특별시,강남구,논현2동,논현동,서울특별시 강남구 학동로 339,127.040169815356,37.5171280866585,파리바게트
28237,파리크라상파리바게뜨은평성모병원,음식,기타 간이,빵/도넛,서울특별시,은평구,진관동,진관동,서울특별시 은평구 통일로 1021,126.916131010648,37.6336040387604,파리바게트
29648,파리바게뜨방학,음식,기타 간이,빵/도넛,서울특별시,도봉구,방학2동,방학동,서울특별시 도봉구 시루봉로 220,127.034490771414,37.6679071431879,파리바게트
29662,파리바게뜨,음식,기타 간이,빵/도넛,서울특별시,은평구,불광2동,불광동,서울특별시 은평구 통일로 850,126.921424648052,37.6193081807043,파리바게트
32869,파리바게뜨공릉화랑,음식,기타 간이,빵/도넛,서울특별시,노원구,공릉2동,공릉동,서울특별시 노원구 화랑로51길 38,127.089061064792,37.6249472796965,파리바게트
33112,파리바게뜨신당역아크로,음식,기타 간이,빵/도넛,서울특별시,중구,황학동,황학동,서울특별시 중구 퇴계로 447,127.021738215744,37.5659398270841,파리바게트
38268,파리바게뜨미아풍림점,음식,기타 간이,빵/도넛,서울특별시,강북구,삼각산동,미아동,서울특별시 강북구 삼양로19길 69,127.018964253844,37.6160236818829,파리바게트
38978,파리바게뜨신월사거리,음식,기타 간이,빵/도넛,서울특별시,양천구,신월3동,신월동,서울특별시 양천구 남부순환로 358,126.828478521983,37.5350318109267,파리바게트
40107,파리바게뜨,음식,기타 간이,빵/도넛,서울특별시,중구,명동,다동,서울특별시 중구 남대문로9길 40,126.980349157502,37.5671303882004,파리바게트
40729,파리바게트독립문역점,음식,기타 간이,빵/도넛,서울특별시,종로구,무악동,무악동,서울특별시 종로구 통일로 252,126.95781765576,37.5748267353189,파리바게트
40831,파리바게뜨월곡동아지점,음식,기타 간이,빵/도넛,서울특별시,성북구,월곡2동,상월곡동,서울특별시 성북구 장월로1길 33,127.046131334979,37.6067945074352,파리바게트
40969,파리바게뜨구로,음식,기타 간이,빵/도넛,서울특별시,구로구,수궁동,궁동,서울특별시 구로구 오리로 1289,126.829340101059,37.496548041517,파리바게트
42239,파리바게뜨뚝섬역점,음식,기타 간이,빵/도넛,서울특별시,성동구,성수1가2동,성수동1가,서울특별시 성동구 상원길 47,127.047245251782,37.5478391416099,파리바게트
43870,파리바게뜨면목동부,음식,기타 간이,빵/도넛,서울특별시,중랑구,면목2동,면목동,서울특별시 중랑구 동일로101길 49,127.077103566079,37.5887586074863,파리바게트
44339,파리바게뜨신정네거리역점,음식,기타 간이,빵/도넛,서울특별시,양천구,신정3동,신정동,서울특별시 양천구 중앙로 251,126.853202177843,37.5187044222918,파리바게트
44830,파리바게트이대자이,음식,기타 간이,빵/도넛,서울특별시,마포구,대흥동,대흥동,서울특별시 마포구 대흥로 175,126.943506660828,37.5556966072799,파리바게트
45761,파리바게뜨역삼뉴,음식,기타 간이,빵/도넛,서울특별시,강남구,역삼2동,역삼동,서울특별시 강남구 논현로 340,127.039617814809,37.4957595912087,파리바게트
46013,파리바게뜨수서점,음식,기타 간이,빵/도넛,서울특별시,강남구,수서동,수서동,서울특별시 강남구 광평로51길 8,127.102471150802,37.4883605471158,파리바게트
46490,파리바게뜨창동,음식,기타 간이,빵/도넛,서울특별시,도봉구,창5동,창동,서울특별시 도봉구 해등로 145,127.040149136158,37.6562939783596,파리바게트
47552,파리바게뜨대림역점,음식,기타 간이,빵/도넛,서울특별시,영등포구,대림3동,대림동,서울특별시 영등포구 도림로 153,126.898562231141,37.4942132740576,파리바게트
49932,파리바게뜨,음식,기타 간이,빵/도넛,서울특별시,서대문구,홍제2동,홍제동,서울특별시 서대문구 통일로 398,126.948195034549,37.5852835242091,파리바게트
50335,파리바게뜨송파래미안점,음식,기타 간이,빵/도넛,서울특별시,송파구,송파2동,송파동,서울특별시 송파구 오금로32길 30,127.11901476588,37.5037490523721,파리바게트
51522,파리바게뜨,음식,기타 간이,빵/도넛,서울특별시,구로구,구로3동,구로동,서울특별시 구로구 디지털로 285,126.894487591345,37.4844799519315,파리바게트
52805,파리바게뜨,음식,기타 간이,빵/도넛,서울특별시,은평구,갈현2동,갈현동,서울특별시 은평구 서오릉로 200,126.911590692723,37.6139829031207,파리바게트
54971,왕십리텐즈힐파리바게트,음식,기타 간이,빵/도넛,서울특별시,성동구,왕십리도선동,하왕십리동,서울특별시 성동구 무학로 33,127.026360904818,37.5690866460273,파리바게트
55310,파리바게뜨화곡,음식,기타 간이,빵/도넛,서울특별시,강서구,화곡1동,화곡동,서울특별시 강서구 월정로 160,126.837523451088,37.534012925439,파리바게트
55435,파리바게뜨,음식,기타 간이,빵/도넛,서울특별시,용산구,효창동,효창동,서울특별시 용산구 효창원로 149,126.961836815261,37.5413614275787,파리바게트
56040,파리바게뜨,음식,기타 간이,빵/도넛,서울특별시,중구,약수동,신당동,서울특별시 중구 다산로 32,127.005641767187,37.5472077819805,파리바게트
56170,파리바게뜨,음식,기타 간이,빵/도넛,서울특별시,관악구,청룡동,봉천동,서울특별시 관악구 남부순환로218길 1,126.95067517726,37.4810727856848,파리바게트
58066,파리바게뜨성동구민회관점,음식,기타 간이,빵/도넛,서울특별시,성동구,행당1동,행당동,서울특별시 성동구 고산자로6길 40,127.035455817503,37.5581685449559,파리바게트
58317,파리바게뜨양재하나로점,음식,기타 간이,빵/도넛,서울특별시,서초구,양재2동,양재동,서울특별시 서초구 청계산로 10,127.043512405948,37.4634882222877,파리바게트
59294,파리바게뜨사가정센트럴,음식,기타 간이,빵/도넛,서울특별시,중랑구,면목5동,면목동,서울특별시 중랑구 동일로92길 40,127.080370494578,37.581837043859,파리바게트
59330,파리바게뜨자양현대점,음식,기타 간이,빵/도넛,서울특별시,광진구,자양3동,자양동,서울특별시 광진구 뚝섬로 558,127.071848218926,37.534131868626,파리바게트
59794,파리바게트,음식,기타 간이,빵/도넛,서울특별시,도봉구,쌍문1동,쌍문동,서울특별시 도봉구 삼양로 582,127.013294656509,37.6550362196269,파리바게트
62203,파리크라상파리바게뜨김포공항국내선점,음식,기타 간이,빵/도넛,서울특별시,강서구,공항동,공항동,서울특별시 강서구 하늘길 111,126.804582341179,37.5605167413523,파리바게트
62310,파리바게뜨헬리오시티책박물관점,음식,기타 간이,빵/도넛,서울특별시,송파구,가락1동,가락동,서울특별시 송파구 송파대로 345,127.102518841,37.4976057949232,파리바게트
64293,파리바게뜨상계,음식,기타 간이,빵/도넛,서울특별시,노원구,상계1동,상계동,서울특별시 노원구 동일로 1596,127.056827338834,37.6709711734523,파리바게트
65319,파리바게트서초네이처점,음식,기타 간이,빵/도넛,서울특별시,서초구,양재1동,우면동,서울특별시 서초구 태봉로 62,127.024977747035,37.4640485825024,파리바게트
65768,파리바게뜨길동역점,음식,기타 간이,빵/도넛,서울특별시,강동구,길동,길동,서울특별시 강동구 양재대로 1482,127.140258916633,37.5379475945934,파리바게트
65883,파리바게뜨뱅뱅,음식,기타 간이,빵/도넛,서울특별시,강남구,역삼1동,역삼동,서울특별시 강남구 강남대로 302,127.03164756786,37.4903062111314,파리바게트
66468,파리바게뜨신당흥인점,음식,기타 간이,빵/도넛,서울특별시,중구,신당동,신당동,서울특별시 중구 을지로45길 46,127.012439123374,37.5663760003854,파리바게트
67370,파리바게뜨신분당선,음식,기타 간이,빵/도넛,서울특별시,강남구,역삼1동,역삼동,서울특별시 강남구 강남대로 396,127.028289159891,37.4981538632695,파리바게트
67697,파리바게트파리공원점,음식,기타 간이,빵/도넛,서울특별시,양천구,목5동,목동,서울특별시 양천구 목동서로 67,126.878537146195,37.5363828248169,파리바게트
70563,파리바게트문정컬처밸리점,음식,기타 간이,빵/도넛,서울특별시,송파구,문정2동,문정동,서울특별시 송파구 송파대로 167,127.120744114354,37.4845512962666,파리바게트
70608,파리바게뜨신내,음식,기타 간이,빵/도넛,서울특별시,중랑구,신내1동,신내동,서울특별시 중랑구 신내로14길 18,127.096512928463,37.6054789883863,파리바게트
71167,파리바게뜨연대이화점,음식,기타 간이,빵/도넛,서울특별시,서대문구,신촌동,대신동,서울특별시 서대문구 성산로 523,126.943872338242,37.5634668431917,파리바게트
71566,파리바게트남영역점,음식,기타 간이,빵/도넛,서울특별시,용산구,남영동,갈월동,서울특별시 용산구 한강대로77길 21,126.971519348005,37.541635377431,파리바게트
71730,파리바게뜨마곡역점,음식,기타 간이,빵/도넛,서울특별시,강서구,가양1동,마곡동,서울특별시 강서구 마곡중앙6로 21,126.829602811066,37.560821502214,파리바게트
71856,파리바게뜨가양역점,음식,기타 간이,빵/도넛,서울특별시,강서구,등촌1동,등촌동,서울특별시 강서구 양천로 500,126.85551558092,37.5605259212572,파리바게트
73122,파리바게뜨문래SK점,음식,기타 간이,빵/도넛,서울특별시,영등포구,문래동,문래동6가,서울특별시 영등포구 선유로9길 10,126.887187035096,37.5177500478573,파리바게트
73399,파리바게트학,음식,기타 간이,빵/도넛,서울특별시,양천구,신정3동,신정동,서울특별시 양천구 신정로13길 3,126.843237748462,37.509804098484,파리바게트
74048,파리바게뜨구로항동점,음식,기타 간이,빵/도넛,서울특별시,구로구,항동,항동,서울특별시 구로구 항동로3길 4,126.824483741112,37.4809838904088,파리바게트
74063,파리바게뜨개봉푸르뫼점,음식,기타 간이,빵/도넛,서울특별시,구로구,개봉1동,개봉동,서울특별시 구로구 고척로 101,126.845213267325,37.5012455273084,파리바게트
74181,파리바게뜨,음식,기타 간이,빵/도넛,서울특별시,마포구,상암동,상암동,서울특별시 마포구 월드컵북로 497,126.879595157845,37.5843729732838,파리바게트
74571,파리바게뜨하계미성,음식,기타 간이,빵/도넛,서울특별시,노원구,하계1동,하계동,서울특별시 노원구 공릉로59길 18,127.070942008789,37.6335190490343,파리바게트
75382,파리바게뜨,음식,기타 간이,빵/도넛,서울특별시,송파구,잠실6동,신천동,서울특별시 송파구 올림픽로35길 112,127.102014435945,37.5180019310243,파리바게트
75492,파리바게뜨화곡본동점,음식,기타 간이,빵/도넛,서울특별시,강서구,화곡본동,화곡동,서울특별시 강서구 화곡로 206,126.84350834356,37.5435686003906,파리바게트
76537,파리바게트한성대역점,음식,기타 간이,빵/도넛,서울특별시,성북구,성북동,동소문동1가,서울특별시 성북구 동소문로 11,127.007369761712,37.5892650007211,파리바게트
78667,파리바게뜨도봉1동점,음식,기타 간이,빵/도넛,서울특별시,도봉구,도봉1동,도봉동,서울특별시 도봉구 도봉로 767,127.043845846907,37.6729209989932,파리바게트
78917,파리크라상파리바게뜨한양대학교,음식,기타 간이,빵/도넛,서울특별시,성동구,사근동,사근동,서울특별시 성동구 왕십리로 222,127.046594659704,37.554492639039,파리바게트
79029,파리바게뜨수락리버시티,음식,기타 간이,빵/도넛,서울특별시,노원구,상계1동,상계동,서울특별시 노원구 누원로 22,127.053040261514,37.6871053040394,파리바게트
80354,파리바게트신이문역점,음식,기타 간이,빵/도넛,서울특별시,동대문구,이문2동,이문동,서울특별시 동대문구 신이문로25길 1,127.066540742457,37.6031372881733,파리바게트
80918,파리바게뜨구청점,음식,기타 간이,빵/도넛,서울특별시,동대문구,용신동,용두동,서울특별시 동대문구 고산자로 410,127.038754672327,37.5762614135677,파리바게트
81034,파리바게뜨학동,음식,기타 간이,빵/도넛,서울특별시,강남구,논현2동,논현동,서울특별시 강남구 도산대로50길 21,127.037665809268,37.5209642169328,파리바게트
83139,파리바게뜨강서블루나인점,음식,기타 간이,빵/도넛,서울특별시,강서구,염창동,염창동,서울특별시 강서구 양천로 583,126.86432805766,37.5571060005552,파리바게트
83147,파리바게트오류역점,음식,기타 간이,빵/도넛,서울특별시,구로구,오류1동,오류동,서울특별시 구로구 경인로 203-2,126.843561249453,37.4961655148582,파리바게트
84440,파리바게뜨아리랑고개점,음식,기타 간이,빵/도넛,서울특별시,성북구,돈암2동,돈암동,서울특별시 성북구 아리랑로 89,127.013604234473,37.6007604715889,파리바게트
84591,파리바게트서울대녹두점,음식,기타 간이,빵/도넛,서울특별시,관악구,대학동,신림동,서울특별시 관악구 대학길 17,126.938159341682,37.4698419819438,파리바게트
85350,파리바게뜨강남,음식,기타 간이,빵/도넛,서울특별시,강남구,일원본동,일원동,서울특별시 강남구 일원로14길 25,127.081153419435,37.4848627499074,파리바게트
85639,파리바게뜨강남구청,음식,기타 간이,빵/도넛,서울특별시,강남구,논현2동,논현동,서울특별시 강남구 선릉로 659,127.041628088787,37.5154369374042,파리바게트
87932,파리크라상파리바게뜨선릉아이,음식,기타 간이,빵/도넛,서울특별시,강남구,역삼2동,역삼동,서울특별시 강남구 테헤란로 326,127.047016751663,37.5035415622531,파리바게트
90333,파리바게뜨,음식,기타 간이,빵/도넛,서울특별시,강남구,역삼1동,역삼동,서울특별시 강남구 강남대로 428,127.026806996751,37.5008177952048,파리바게트
90657,파리바게뜨수서동성당점,음식,기타 간이,빵/도넛,서울특별시,강남구,일원본동,수서동,서울특별시 강남구 광평로 196,127.094257740184,37.4839998015745,파리바게트
97786,파리바게뜨,음식,기타 간이,빵/도넛,서울특별시,영등포구,여의동,여의도동,서울특별시 영등포구 여의나루로 42,126.924973940223,37.5213888483049,파리바게트
99594,파리바게뜨,음식,기타 간이,빵/도넛,서울특별시,관악구,남현동,남현동,서울특별시 관악구 과천대로 949,126.981303735068,37.4753308059951,파리바게트
103137,파리바게뜨고덕리엔파크점,음식,기타 간이,빵/도넛,서울특별시,강동구,상일2동,상일동,서울특별시 강동구 상일로 74,127.174770207328,37.5513582588433,파리바게트
104474,파리바게뜨오목교역점,음식,기타 간이,빵/도넛,서울특별시,양천구,목1동,목동,서울특별시 양천구 오목로 320,126.872864838302,37.5245882838282,파리바게트
105484,파리바게뜨이태원점,음식,기타 간이,빵/도넛,서울특별시,용산구,이태원1동,이태원동,서울특별시 용산구 이태원로 186,126.994600381705,37.5342923918128,파리바게트
105627,파리바게트청구역점,음식,기타 간이,빵/도넛,서울특별시,중구,청구동,신당동,서울특별시 중구 다산로 168,127.013008014009,37.5584335449538,파리바게트
106371,파리바게뜨청와대점,음식,기타 간이,빵/도넛,서울특별시,종로구,청운효자동,신교동,서울특별시 종로구 자하문로 85,126.969924514796,37.5835108920258,파리바게트
107228,파리바게뜨개포포레스트점,음식,기타 간이,빵/도넛,서울특별시,강남구,개포4동,개포동,서울특별시 강남구 개포로 264,127.052214823983,37.4797413934134,파리바게트
108311,파리바게트신림역점,음식,기타 간이,빵/도넛,서울특별시,관악구,서원동,신림동,서울특별시 관악구 신림로 329,126.929415222573,37.4836933300671,파리바게트
109355,파리바게트카페,음식,기타 간이,빵/도넛,서울특별시,강북구,미아동,미아동,서울특별시 강북구 도봉로 178,127.027142468706,37.6247143120649,파리바게트
109790,파리바게뜨성북,음식,기타 간이,빵/도넛,서울특별시,성북구,삼선동,삼선동5가,서울특별시 성북구 보문로 156,127.017364721081,37.5886548322981,파리바게트
110322,파리바게뜨경희대점,음식,기타 간이,빵/도넛,서울특별시,동대문구,회기동,회기동,서울특별시 동대문구 경희대로 8-1,127.052623420596,37.5923129995502,파리바게트
114059,파리바게뜨잠실리센츠점,음식,기타 간이,빵/도넛,서울특별시,송파구,잠실2동,잠실동,서울특별시 송파구 올림픽로 135,127.089869125656,37.5167285829379,파리바게트
114240,파리바게뜨신림신화점,음식,기타 간이,빵/도넛,서울특별시,관악구,서림동,신림동,서울특별시 관악구 신림로 199,126.93617965267,37.4755188252008,파리바게트
115693,파리바게뜨구로대림,음식,기타 간이,빵/도넛,서울특별시,구로구,신도림동,신도림동,서울특별시 구로구 경인로59길 8,126.883408521215,37.5063792736014,파리바게트
118754,파리바게뜨강서,음식,기타 간이,빵/도넛,서울특별시,강서구,화곡6동,화곡동,서울특별시 강서구 화곡로 328,126.850923981539,37.5529126423147,파리바게트
119716,파리바게뜨금호1가점,음식,기타 간이,빵/도넛,서울특별시,성동구,금호1가동,금호동1가,서울특별시 성동구 난계로 35,127.024466268491,37.5555192826574,파리바게트
119748,파리바게뜨영등포대우,음식,기타 간이,빵/도넛,서울특별시,영등포구,영등포본동,영등포동,서울특별시 영등포구 영신로9라길 16,126.905384626641,37.5133518156497,파리바게트
119796,파리바게뜨암사,음식,기타 간이,빵/도넛,서울특별시,강동구,암사1동,암사동,서울특별시 강동구 고덕로 102,127.136559831308,37.5545360623044,파리바게트
120813,파리바게뜨점,음식,기타 간이,빵/도넛,서울특별시,강서구,가양1동,마곡동,서울특별시 강서구 마곡중앙5로1길 20,126.826695523554,37.5686586350678,파리바게트
121337,파리바게뜨카페전농,음식,기타 간이,빵/도넛,서울특별시,동대문구,전농2동,전농동,서울특별시 동대문구 전농로16길 56,127.060456989077,37.5780850526427,파리바게트
121981,파리바게뜨독바위역,음식,기타 간이,빵/도넛,서울특별시,은평구,불광1동,불광동,서울특별시 은평구 불광로 139,126.932336027285,37.6191010633971,파리바게트
122010,파리바게트답십리위브점,음식,기타 간이,빵/도넛,서울특별시,동대문구,답십리1동,답십리동,서울특별시 동대문구 답십리로 130,127.052417333974,37.5728397790415,파리바게트
123664,파리바게뜨관악현대점,음식,기타 간이,빵/도넛,서울특별시,관악구,중앙동,봉천동,서울특별시 관악구 양녕로 50,126.947207755437,37.4864482477578,파리바게트
123841,파리바게뜨신내우디안점,음식,기타 간이,빵/도넛,서울특별시,중랑구,신내1동,신내동,서울특별시 중랑구 신내역로1길 85,127.106162569746,37.6168155111499,파리바게트
123938,파리바게뜨,음식,기타 간이,빵/도넛,서울특별시,성동구,사근동,행당동,서울특별시 성동구 사근동길 2,127.041318478248,37.5599553153734,파리바게트
124709,파리바게뜨가재울뉴타운점,음식,기타 간이,빵/도넛,서울특별시,서대문구,남가좌2동,남가좌동,서울특별시 서대문구 거북골로 120,126.916057491621,37.5754508126853,파리바게트
126220,파리바게트강일리버파크점,음식,기타 간이,빵/도넛,서울특별시,강동구,강일동,강일동,서울특별시 강동구 아리수로93길 27,127.173797947816,37.5656151686338,파리바게트
127154,파리바게뜨천왕,음식,기타 간이,빵/도넛,서울특별시,구로구,오류2동,천왕동,서울특별시 구로구 천왕로 32,126.839765288971,37.4805672933402,파리바게트
127403,파리바게뜨당산포스빌,음식,기타 간이,빵/도넛,서울특별시,영등포구,당산2동,당산동5가,서울특별시 영등포구 양평로 67,126.899298794634,37.5349292703139,파리바게트
129275,파리바게뜨전농동아점,음식,기타 간이,빵/도넛,서울특별시,동대문구,전농1동,전농동,서울특별시 동대문구 서울시립대로 31,127.045842626986,37.5753007369539,파리바게트
129369,파리바게뜨,음식,기타 간이,빵/도넛,서울특별시,강남구,대치2동,대치동,서울특별시 강남구 영동대로 424,127.064452915868,37.5074924116854,파리바게트
130392,파리바게뜨거여우성어반,음식,기타 간이,빵/도넛,서울특별시,송파구,위례동,거여동,서울특별시 송파구 위례송파로 77,127.142432821138,37.48543156433,파리바게트
132079,파리바게뜨번동주공점,음식,기타 간이,빵/도넛,서울특별시,강북구,번3동,번동,서울특별시 강북구 한천로109길 53,127.041392478108,37.6274529601003,파리바게트
132206,파리바게뜨연희점,음식,기타 간이,빵/도넛,서울특별시,서대문구,연희동,연희동,서울특별시 서대문구 연희로 114,126.931902388833,37.5678283041368,파리바게트
137624,파리바게뜨,음식,기타 간이,빵/도넛,서울특별시,종로구,사직동,당주동,서울특별시 종로구 세종대로23길 54,126.9732783098,37.5717905578649,파리바게트
138318,파리바게트홍제역점,음식,기타 간이,빵/도넛,서울특별시,서대문구,홍제1동,홍제동,서울특별시 서대문구 통일로 461,126.943019611035,37.5893640362915,파리바게트
138540,파리바게뜨휘경,음식,기타 간이,빵/도넛,서울특별시,동대문구,휘경1동,휘경동,서울특별시 동대문구 망우로 129,127.067134545318,37.5918609250678,파리바게트
140293,파리바게트양재,음식,기타 간이,빵/도넛,서울특별시,서초구,양재2동,양재동,서울특별시 서초구 동산로 20,127.041793565695,37.4697366700897,파리바게트
141092,파리바게뜨행당점,음식,기타 간이,빵/도넛,서울특별시,성동구,행당2동,행당동,서울특별시 성동구 행당로 82,127.027384625788,37.5547774697043,파리바게트
141435,파리바게뜨고덕베네루체점,음식,기타 간이,빵/도넛,서울특별시,강동구,상일1동,상일동,서울특별시 강동구 상암로79길 88,127.166046068835,37.5501976752874,파리바게트
142363,파리크라상파리바게뜨양재,음식,기타 간이,빵/도넛,서울특별시,강남구,도곡1동,도곡동,서울특별시 강남구 남부순환로 2627,127.037219262071,37.4852697855274,파리바게트
143647,파리바게트성대,음식,기타 간이,빵/도넛,서울특별시,동작구,상도3동,상도동,서울특별시 동작구 상도로 102,126.931761952017,37.4999334554962,파리바게트
144982,파리바게뜨여의도,음식,기타 간이,빵/도넛,서울특별시,영등포구,여의동,여의도동,서울특별시 영등포구 여의대방로 417,126.934300437276,37.5210498827857,파리바게트
146429,더힐링용산해링턴스퀘어파리바게뜨점,음식,기타 간이,빵/도넛,서울특별시,용산구,한강로동,한강로3가,서울특별시 용산구 서빙고로 17,126.966551441628,37.5268959526616,파리바게트
146625,파리바게트동소문한신점,음식,기타 간이,빵/도넛,서울특별시,성북구,돈암2동,돈암동,서울특별시 성북구 성북로4길 52,127.012690860711,37.5944635800327,파리바게트
148002,파리바게뜨연신내,음식,기타 간이,빵/도넛,서울특별시,은평구,갈현1동,갈현동,서울특별시 은평구 통일로 855-8,126.920181390565,37.6191166040644,파리바게트
148118,파리바게뜨,음식,기타 간이,빵/도넛,서울특별시,서초구,내곡동,내곡동,서울특별시 서초구 헌릉로8길 45,127.062534068028,37.4546840865241,파리바게트
149329,파리바게뜨공덕역사,음식,기타 간이,빵/도넛,서울특별시,마포구,공덕동,공덕동,서울특별시 마포구 백범로 200,126.95192797672,37.5435174919403,파리바게트
150731,파리바게뜨카페,음식,기타 간이,빵/도넛,서울특별시,서대문구,신촌동,대현동,서울특별시 서대문구 이화여대길 6,126.945998110077,37.5571965817685,파리바게트
152470,파리바게뜨정릉점,음식,기타 간이,빵/도넛,서울특별시,성북구,정릉4동,정릉동,서울특별시 성북구 보국문로 40-3,127.010196770773,37.6083547251118,파리바게트
153190,파리바게뜨강남포이점,음식,기타 간이,빵/도넛,서울특별시,강남구,개포4동,개포동,서울특별시 강남구 개포로 209,127.045648384093,37.4786433077282,파리바게트
154085,파리바게뜨신길,음식,기타 간이,빵/도넛,서울특별시,영등포구,신길1동,신길동,서울특별시 영등포구 도신로60길 2,126.916797990076,37.5117810958957,파리바게트
155617,파리바게뜨화곡3동점,음식,기타 간이,빵/도넛,서울특별시,강서구,화곡3동,화곡동,서울특별시 강서구 화곡로 111,126.834202390058,37.5402063343425,파리바게트
155791,파리바게뜨국회의,음식,기타 간이,빵/도넛,서울특별시,영등포구,여의동,여의도동,서울특별시 영등포구 의사당대로 1,126.916390813686,37.5328978176022,파리바게트
157321,파리바게뜨선유로점,음식,기타 간이,빵/도넛,서울특별시,영등포구,양평1동,양평동1가,서울특별시 영등포구 선유로 81,126.889533867684,37.5212141159776,파리바게트
157616,파리바게뜨,음식,기타 간이,빵/도넛,서울특별시,구로구,개봉3동,개봉동,서울특별시 구로구 개봉로3길 14-2,126.855594624787,37.4864793559002,파리바게트
158122,파리바게뜨당산,음식,기타 간이,빵/도넛,서울특별시,영등포구,당산2동,당산동4가,서울특별시 영등포구 국회대로 553,126.896100148745,37.5285560878892,파리바게트
159583,파리바게뜨창동녹천점,음식,기타 간이,빵/도넛,서울특별시,도봉구,창4동,창동,서울특별시 도봉구 덕릉로66길 17,127.053931485118,37.6437007379172,파리바게트
160160,파리바게뜨명일역점,음식,기타 간이,빵/도넛,서울특별시,강동구,명일1동,명일동,서울특별시 강동구 양재대로 1636,127.144278148975,37.5516097621384,파리바게트
162273,피이인터내셔날파리바게트애오개점,음식,기타 간이,빵/도넛,서울특별시,마포구,아현동,아현동,서울특별시 마포구 마포대로 183-28,126.953854072596,37.5514457252236,파리바게트
162522,파리바게뜨올림픽,음식,기타 간이,빵/도넛,서울특별시,송파구,오륜동,방이동,서울특별시 송파구 양재대로 1222,127.131045765864,37.5157231511018,파리바게트
162590,파리바게뜨반포가든점,음식,기타 간이,빵/도넛,서울특별시,서초구,반포1동,반포동,서울특별시 서초구 고무래로 32,127.012207728856,37.5024176297491,파리바게트
162846,파리바게뜨,음식,기타 간이,빵/도넛,서울특별시,구로구,개봉2동,개봉동,서울특별시 구로구 개봉로 63,126.855678278452,37.491372832209,파리바게트
163659,파리바게뜨고덕래미안힐스점,음식,기타 간이,빵/도넛,서울특별시,강동구,고덕1동,고덕동,서울특별시 강동구 아리수로50길 50,127.148577656864,37.55767790921,파리바게트
164718,파리바게뜨,음식,기타 간이,빵/도넛,서울특별시,종로구,종로1.2.3.4가동,견지동,서울특별시 종로구 삼봉로 95,126.982554045298,37.5723033675882,파리바게트
165454,파리바게트강남을지,음식,기타 간이,빵/도넛,서울특별시,강남구,논현2동,논현동,서울특별시 강남구 도산대로 206,127.029006083844,37.5196408774501,파리바게트
165844,파리바게트대림,음식,기타 간이,빵/도넛,서울특별시,영등포구,대림1동,대림동,서울특별시 영등포구 시흥대로 659-1,126.9075421793,37.4910438798931,파리바게트
166179,파리바게뜨길동우성점,음식,기타 간이,빵/도넛,서울특별시,강동구,길동,길동,서울특별시 강동구 명일로 202,127.145930534758,37.536727270102,파리바게트
166288,파리바게트은평뉴타운3지구,음식,기타 간이,빵/도넛,서울특별시,은평구,진관동,진관동,서울특별시 은평구 진관3로 67,126.920893582343,37.6427210323401,파리바게트
167140,파리바게뜨은천길,음식,기타 간이,빵/도넛,서울특별시,관악구,보라매동,봉천동,서울특별시 관악구 은천로 1,126.935367801878,37.4865223554749,파리바게트
167798,파리바게트,음식,기타 간이,빵/도넛,서울특별시,도봉구,창3동,창동,서울특별시 도봉구 덕릉로 252-1,127.039532382786,37.6399442092177,파리바게트
168414,파리바게트화양리점,음식,기타 간이,빵/도넛,서울특별시,광진구,화양동,화양동,서울특별시 광진구 능동로 181,127.07364843817,37.546841825893,파리바게트
169785,파리바게뜨카페서초역점,음식,기타 간이,빵/도넛,서울특별시,서초구,서초3동,서초동,서울특별시 서초구 반포대로27길 13,127.00759216367,37.4896830914836,파리바게트
170360,파리바게뜨원효로점,음식,기타 간이,빵/도넛,서울특별시,용산구,원효로1동,원효로2가,서울특별시 용산구 새창로 131,126.96142477719,37.5359875798937,파리바게트
174941,파리바게뜨,음식,기타 간이,빵/도넛,서울특별시,양천구,신정2동,신정동,서울특별시 양천구 신목로 34,126.873938310876,37.518651659449,파리바게트
177506,파리바게뜨신내,음식,기타 간이,빵/도넛,서울특별시,중랑구,신내2동,신내동,서울특별시 중랑구 봉화산로 194,127.094689100842,37.6064471491972,파리바게트
178678,파리바게뜨도림,음식,기타 간이,빵/도넛,서울특별시,영등포구,도림동,도림동,서울특별시 영등포구 도신로29길 15,126.904463857277,37.5097931651864,파리바게트
179640,파리바게뜨도곡렉슬,음식,기타 간이,빵/도넛,서울특별시,강남구,도곡2동,도곡동,서울특별시 강남구 선릉로 221,127.049713833991,37.4942013124436,파리바게트
180031,파리바게뜨독산역점,음식,기타 간이,빵/도넛,서울특별시,금천구,독산1동,독산동,서울특별시 금천구 범안로 1152,126.889837188326,37.4663523065146,파리바게트
180581,파리바게뜨선릉진선점,음식,기타 간이,빵/도넛,서울특별시,강남구,대치4동,대치동,서울특별시 강남구 선릉로 422,127.050205530155,37.5027022310983,파리바게트
180748,파리바게뜨,음식,기타 간이,빵/도넛,서울특별시,강서구,염창동,염창동,서울특별시 강서구 양천로 693,126.87322347,37.5503794055045,파리바게트
181316,파리바게뜨서소문,음식,기타 간이,빵/도넛,서울특별시,중구,소공동,서소문동,서울특별시 중구 서소문로11길 2,126.973093174155,37.5630128087317,파리바게트
181733,파리바게뜨역말,음식,기타 간이,빵/도넛,서울특별시,은평구,역촌동,역촌동,서울특별시 은평구 연서로 73,126.915053348695,37.6056352087731,파리바게트
182356,이수태평파리바게뜨,음식,기타 간이,빵/도넛,서울특별시,동작구,사당2동,사당동,서울특별시 동작구 동작대로27가길 6,126.980949077534,37.4872937492631,파리바게트
183462,파리바게뜨,음식,기타 간이,빵/도넛,서울특별시,강남구,세곡동,자곡동,서울특별시 강남구 자곡로 201,127.104685111539,37.4752939141863,파리바게트
185353,파리바게뜨수서역점,음식,기타 간이,빵/도넛,서울특별시,강남구,수서동,수서동,서울특별시 강남구 광평로 280,127.103094324391,37.4873110374136,파리바게트
186432,파리바게트도림점,음식,기타 간이,빵/도넛,서울특별시,영등포구,도림동,도림동,서울특별시 영등포구 도영로 24,126.8961475492,37.50844526565,파리바게트
187005,파리바게뜨미아경남점,음식,기타 간이,빵/도넛,서울특별시,강북구,송중동,미아동,서울특별시 강북구 오패산로 130,127.034242850432,37.613527692341,파리바게트
187685,파리바게뜨,음식,기타 간이,빵/도넛,서울특별시,서대문구,홍제3동,홍제동,서울특별시 서대문구 세검정로 52-1,126.94705349602,37.592373508801,파리바게트
188212,파리바게뜨관악남현점,음식,기타 간이,빵/도넛,서울특별시,관악구,남현동,남현동,서울특별시 관악구 남현길 7,126.977687296388,37.4760564569005,파리바게트
189704,파리바게뜨강동역점,음식,기타 간이,빵/도넛,서울특별시,강동구,길동,길동,서울특별시 강동구 성안로 170,127.136037277926,37.5380339212974,파리바게트
192272,파리바게트강동고덕성산점,음식,기타 간이,빵/도넛,서울특별시,강동구,강일동,강일동,서울특별시 강동구 아리수로93나길 26,127.173311145872,37.571765959443,파리바게트
193052,파리바게뜨양재,음식,기타 간이,빵/도넛,서울특별시,서초구,양재2동,양재동,서울특별시 서초구 동산로 65,127.045821188622,37.472166083273,파리바게트
193407,파리바게뜨,음식,기타 간이,빵/도넛,서울특별시,강서구,등촌3동,등촌동,서울특별시 강서구 강서로 380,126.838848550642,37.5594621394871,파리바게트
193789,파리바게뜨KBS,음식,기타 간이,빵/도넛,서울특별시,영등포구,여의동,여의도동,서울특별시 영등포구 의사당대로 26,126.918089520306,37.5265250022352,파리바게트
194921,파리바게뜨목동사랑,음식,기타 간이,빵/도넛,서울특별시,양천구,목4동,목동,서울특별시 양천구 목동중앙본로7길 45,126.866320675245,37.5391314705383,파리바게트
196263,파리바게트고덕그라시움,음식,기타 간이,빵/도넛,서울특별시,강동구,고덕2동,고덕동,서울특별시 강동구 고덕로 333,127.159471263976,37.5561971380176,파리바게트
196613,파리바게뜨서남,음식,기타 간이,빵/도넛,서울특별시,양천구,신정3동,신정동,서울특별시 양천구 신정이펜1로 50,126.829337962821,37.5133433856047,파리바게트
198025,파리바게뜨암사,음식,기타 간이,빵/도넛,서울특별시,강동구,천호2동,천호동,서울특별시 강동구 올림픽로92길 61,127.129178390776,37.5488863079831,파리바게트
199047,파리바게뜨까페하월곡동일점,음식,기타 간이,빵/도넛,서울특별시,성북구,월곡1동,하월곡동,서울특별시 성북구 종암로 186,127.031435466472,37.6064135086629,파리바게트
200460,파리바게뜨미아사거리역점,음식,기타 간이,빵/도넛,서울특별시,강북구,송중동,미아동,서울특별시 강북구 도봉로8길 11,127.030956234461,37.612797939235,파리바게트
201592,파리바게트카페,음식,기타 간이,빵/도넛,서울특별시,서대문구,신촌동,창천동,서울특별시 서대문구 연세로4길 1,126.937126587711,37.5570629870748,파리바게트
203618,파리바게뜨금호역점,음식,기타 간이,빵/도넛,서울특별시,성동구,금호4가동,금호동4가,서울특별시 성동구 동호로 93,127.01534721717,37.5475323979351,파리바게트
203675,파리바게트금천,음식,기타 간이,빵/도넛,서울특별시,금천구,독산1동,독산동,서울특별시 금천구 시흥대로 405,126.897550627804,37.469938618978,파리바게트
205134,파리바게뜨,음식,기타 간이,빵/도넛,서울특별시,관악구,신사동,신림동,서울특별시 관악구 신사로 102,126.913785731327,37.4870377251001,파리바게트
205601,파리바게뜨강동,음식,기타 간이,빵/도넛,서울특별시,강동구,성내1동,성내동,서울특별시 강동구 성내로 19,127.12280905967,37.5303495085661,파리바게트
206287,파리바게뜨은평,음식,기타 간이,빵/도넛,서울특별시,은평구,신사2동,신사동,서울특별시 은평구 가좌로 321,126.909315659089,37.5960313889319,파리바게트
208911,파리바게뜨난곡휴먼시아,음식,기타 간이,빵/도넛,서울특별시,관악구,난향동,신림동,서울특별시 관악구 난곡로 60,126.919375483028,37.4608593986488,파리바게트
209393,파리바게트고척,음식,기타 간이,빵/도넛,서울특별시,구로구,고척1동,고척동,서울특별시 구로구 중앙로5길 59,126.859429724285,37.5004826118822,파리바게트
211777,파리바게뜨올림픽승리,음식,기타 간이,빵/도넛,서울특별시,송파구,오금동,오금동,서울특별시 송파구 위례성대로 180,127.130952393282,37.5101178723187,파리바게트
211867,파리바게뜨잠실스타,음식,기타 간이,빵/도넛,서울특별시,송파구,삼전동,삼전동,서울특별시 송파구 백제고분로 200,127.088759035251,37.5038258911807,파리바게트
213567,파리바게뜨성대명륜점,음식,기타 간이,빵/도넛,서울특별시,종로구,혜화동,명륜3가,서울특별시 종로구 명륜길 1,126.996372558249,37.587766381707,파리바게트
214059,파리바게뜨종로세무서점,음식,기타 간이,빵/도넛,서울특별시,종로구,종로1.2.3.4가동,낙원동,서울특별시 종로구 삼일대로30길 21,126.988573370784,37.5742112384584,파리바게트
215946,파리바게뜨송파역점,음식,기타 간이,빵/도넛,서울특별시,송파구,송파2동,송파동,서울특별시 송파구 송파대로 366,127.111687803002,37.5007116717622,파리바게트
216365,파리바게뜨개롱역점,음식,기타 간이,빵/도넛,서울특별시,송파구,가락2동,가락동,서울특별시 송파구 오금로 404,127.135101114806,37.4975875270778,파리바게트
216917,파리바게뜨경복궁,음식,기타 간이,빵/도넛,서울특별시,종로구,사직동,체부동,서울특별시 종로구 자하문로 5,126.972215868963,37.5766108863312,파리바게트
217348,파리바게뜨정동점,음식,기타 간이,빵/도넛,서울특별시,중구,소공동,충정로1가,서울특별시 중구 새문안로 30,126.969087947416,37.5678164922402,파리바게트
217680,파리바게뜨,음식,기타 간이,빵/도넛,서울특별시,동대문구,용신동,용두동,서울특별시 동대문구 천호대로 68,127.03095410293,37.5736657027394,파리바게트
218422,파리바게트서울역시티타워지점,음식,기타 간이,빵/도넛,서울특별시,중구,회현동,남대문로5가,서울특별시 중구 후암로 110,126.974027761069,37.5542898342721,파리바게트
218635,파리바게트난곡,음식,기타 간이,빵/도넛,서울특별시,관악구,신사동,신림동,서울특별시 관악구 난곡로 316,126.914726933213,37.4821626903494,파리바게트
220650,파리바게뜨상계백,음식,기타 간이,빵/도넛,서울특별시,노원구,상계6.7동,상계동,서울특별시 노원구 동일로 1356,127.062249816229,37.6499212225917,파리바게트
222284,파리바게트방이역점,음식,기타 간이,빵/도넛,서울특별시,송파구,방이1동,방이동,서울특별시 송파구 마천로 39,127.125229261981,37.5091205032465,파리바게트
222610,파리바게뜨평창점,음식,기타 간이,빵/도넛,서울특별시,종로구,평창동,평창동,서울특별시 종로구 평창11길 3,126.966647301933,37.6059901365369,파리바게트
223223,파리바게뜨,음식,기타 간이,빵/도넛,서울특별시,서대문구,남가좌2동,남가좌동,서울특별시 서대문구 증가로 130,126.923283771749,37.577562298286,파리바게트
223524,파리바게뜨,음식,기타 간이,빵/도넛,서울특별시,마포구,서교동,동교동,서울특별시 마포구 월드컵북로 34,126.919078394075,37.557556887082,파리바게트
225618,파리바게뜨정릉제일,음식,기타 간이,빵/도넛,서울특별시,성북구,정릉1동,정릉동,서울특별시 성북구 정릉로 307,127.017727287567,37.6032817272205,파리바게트
225865,파리바게트중계무지개점,음식,기타 간이,빵/도넛,서울특별시,노원구,중계2.3동,중계동,서울특별시 노원구 동일로208길 20,127.066934359701,37.643236642195,파리바게트
226968,파리바게뜨서울대,음식,기타 간이,빵/도넛,서울특별시,관악구,낙성대동,봉천동,서울특별시 관악구 관악로 168,126.952971158349,37.4802101237417,파리바게트
227337,파리바게트신용산역점,음식,기타 간이,빵/도넛,서울특별시,용산구,한강로동,한강로2가,서울특별시 용산구 새창로 217,126.967761658102,37.5302043663578,파리바게트
227343,파리바게뜨용산후암점,음식,기타 간이,빵/도넛,서울특별시,용산구,후암동,후암동,서울특별시 용산구 후암로 47,126.977118920264,37.550045708626,파리바게트
227634,파리바게뜨후암,음식,기타 간이,빵/도넛,서울특별시,용산구,후암동,후암동,서울특별시 용산구 신흥로 150,126.981612839335,37.5466425647893,파리바게트
228658,파리바게뜨만리점,음식,기타 간이,빵/도넛,서울특별시,용산구,청파동,서계동,서울특별시 용산구 만리재로 134,126.962558621774,37.5513333103133,파리바게트
229835,파리바게트,음식,기타 간이,빵/도넛,서울특별시,용산구,보광동,보광동,서울특별시 용산구 보광로 19,127.00063669991,37.5262432037669,파리바게트
231218,파리바게뜨성동,음식,기타 간이,빵/도넛,서울특별시,성동구,금호4가동,금호동4가,서울특별시 성동구 독서당로 312,127.023535070912,37.547951801704,파리바게트
231563,파리바게트,음식,기타 간이,빵/도넛,서울특별시,마포구,대흥동,대흥동,서울특별시 마포구 대흥로 120,126.94403978961,37.5499977874422,파리바게트
231965,파리바게트성산,음식,기타 간이,빵/도넛,서울특별시,마포구,성산2동,성산동,서울특별시 마포구 월드컵북로 218,126.904982368322,37.5694918677116,파리바게트
232075,파리바게트,음식,기타 간이,빵/도넛,서울특별시,마포구,성산2동,성산동,서울특별시 마포구 월드컵로 204,126.902110669923,37.5653925145306,파리바게트
233445,파리바게뜨면목역점,음식,기타 간이,빵/도넛,서울특별시,중랑구,면목본동,면목동,서울특별시 중랑구 겸재로 181,127.087759956074,37.5886432178063,파리바게트
233536,파리바게트,음식,기타 간이,빵/도넛,서울특별시,마포구,망원2동,망원동,서울특별시 마포구 포은로 120,126.904431105079,37.5576651563847,파리바게트
233559,파리바게뜨KBS미디어,음식,기타 간이,빵/도넛,서울특별시,마포구,상암동,상암동,서울특별시 마포구 매봉산로 45,126.890977443252,37.5765063279369,파리바게트
233668,파리바게뜨,음식,기타 간이,빵/도넛,서울특별시,마포구,도화동,도화동,서울특별시 마포구 도화길 14,126.947813181818,37.5399938614534,파리바게트
233908,파리바게트,음식,기타 간이,빵/도넛,서울특별시,마포구,상암동,상암동,서울특별시 마포구 성암로 267,126.890965756325,37.5811104968407,파리바게트
233914,파리바게트합정역,음식,기타 간이,빵/도넛,서울특별시,마포구,합정동,합정동,서울특별시 마포구 독막로 4-1,126.91373020667,37.5486145499929,파리바게트
234503,파리바게트서강신수,음식,기타 간이,빵/도넛,서울특별시,마포구,신수동,신수동,서울특별시 마포구 광성로 44,126.937855649661,37.5495548710989,파리바게트
234589,파리바게트,음식,기타 간이,빵/도넛,서울특별시,마포구,용강동,도화동,서울특별시 마포구 마포대로 33,126.94542590266,37.5399725653744,파리바게트
235996,파리바게뜨길동,음식,기타 간이,빵/도넛,서울특별시,강동구,성내3동,성내동,서울특별시 강동구 천호대로 1134,127.13727190143,37.5339972029526,파리바게트
239654,파리바게트상도건영,음식,기타 간이,빵/도넛,서울특별시,동작구,상도2동,상도동,서울특별시 동작구 만양로 12,126.947197162603,37.5057306152998,파리바게트
239746,파리바게뜨동작대방점,음식,기타 간이,빵/도넛,서울특별시,동작구,대방동,대방동,서울특별시 동작구 등용로 85,126.931937898039,37.5090176024185,파리바게트
240919,파리바게뜨반포타운,음식,기타 간이,빵/도넛,서울특별시,서초구,반포3동,잠원동,서울특별시 서초구 신반포로23길 30,127.003527646753,37.5087782400476,파리바게트
240999,파리바게뜨신대방삼거리역점,음식,기타 간이,빵/도넛,서울특별시,동작구,상도3동,상도동,서울특별시 동작구 국사봉1길 4,126.928905803516,37.4987812826685,파리바게트
241198,파리바게트상도역점,음식,기타 간이,빵/도넛,서울특별시,동작구,상도1동,상도1동,서울특별시 동작구 양녕로 266,126.948655066907,37.5033918640014,파리바게트
241587,파리바게뜨상도4동점,음식,기타 간이,빵/도넛,서울특별시,동작구,상도4동,상도동,서울특별시 동작구 양녕로26길 29,126.944195661614,37.4971979261719,파리바게트
241595,파리바게뜨남성역,음식,기타 간이,빵/도넛,서울특별시,동작구,사당3동,사당동,서울특별시 동작구 사당로17가길 22,126.972795453569,37.4840514305263,파리바게트
242344,파리바게트,음식,기타 간이,빵/도넛,서울특별시,동작구,노량진1동,노량진동,서울특별시 동작구 노량진로 161,126.943935995555,37.5140271810165,파리바게트
242641,파리바게뜨장승배기역점,음식,기타 간이,빵/도넛,서울특별시,동작구,상도2동,상도동,서울특별시 동작구 장승배기로 76,126.939400408078,37.5044084096127,파리바게트
242902,파리바게뜨고속,음식,기타 간이,빵/도넛,서울특별시,서초구,반포4동,반포동,서울특별시 서초구 신반포로 194,127.00681633008,37.5064271601893,파리바게트
243495,파리바게뜨노량진,음식,기타 간이,빵/도넛,서울특별시,동작구,노량진2동,노량진동,서울특별시 동작구 노량진로 118,126.939105952091,37.5132270166708,파리바게트
243964,파리바게뜨,음식,기타 간이,빵/도넛,서울특별시,동작구,흑석동,흑석동,서울특별시 동작구 서달로13길 5-30,126.961590910916,37.5076781480586,파리바게트
243990,파리바게뜨사러가,음식,기타 간이,빵/도넛,서울특별시,영등포구,신길3동,신길동,서울특별시 영등포구 신길로 167,126.910736064358,37.5070489244024,파리바게트
244422,파리바게뜨선유도역,음식,기타 간이,빵/도넛,서울특별시,영등포구,양평2동,양평동4가,서울특별시 영등포구 양평로 122,126.894288149916,37.5378739108442,파리바게트
244459,파리바게뜨4.19탑점,음식,기타 간이,빵/도넛,서울특별시,강북구,우이동,수유동,서울특별시 강북구 419로 2,127.013904557863,37.6483376469348,파리바게트
244707,파리바게뜨,음식,기타 간이,빵/도넛,서울특별시,영등포구,당산1동,당산동3가,서울특별시 영등포구 당산로 128-1,126.896917706219,37.5260498225618,파리바게트
244814,파리바게뜨유스호스텔점,음식,기타 간이,빵/도넛,서울특별시,영등포구,영등포동,영등포동7가,서울특별시 영등포구 영신로 200,126.90327763293,37.5251539515436,파리바게트
245408,파리바게뜨,음식,기타 간이,빵/도넛,서울특별시,영등포구,당산2동,당산동5가,서울특별시 영등포구 당산로 214,126.902813087193,37.5329256231857,파리바게트
245688,파리바게뜨문래역점,음식,기타 간이,빵/도넛,서울특별시,영등포구,문래동,문래동3가,서울특별시 영등포구 당산로 34,126.89647871302,37.5174497816404,파리바게트
245743,파리바게트한강성심병원,음식,비알코올 ,카페,서울특별시,영등포구,영등포동,영등포동7가,서울특별시 영등포구 버드나루로7길 12,126.909675904297,37.5231678292,파리바게트
246382,파리바게뜨양평비즈,음식,기타 간이,빵/도넛,서울특별시,영등포구,양평1동,양평동2가,서울특별시 영등포구 영등포로 33,126.885193253742,37.5232636382011,파리바게트
248038,파리바게트방화역점,음식,기타 간이,빵/도넛,서울특별시,강서구,방화3동,방화동,서울특별시 강서구 금낭화로 136,126.812985309055,37.5773426307053,파리바게트
248104,파리바게뜨화곡2동점,음식,기타 간이,빵/도넛,서울특별시,강서구,화곡2동,화곡동,서울특별시 강서구 곰달래로49길 17,126.857594978678,37.5325599105125,파리바게트
248137,파리바게트가양시드점,음식,기타 간이,빵/도넛,서울특별시,강서구,가양2동,가양동,서울특별시 강서구 양천로57길 13,126.852005064419,37.5635913887576,파리바게트
248819,파리바게뜨정릉국민대점,음식,기타 간이,빵/도넛,서울특별시,성북구,정릉3동,정릉동,서울특별시 성북구 정릉로10길 37,126.999558100528,37.6077784551577,파리바게트
248997,파리바게뜨염창역점,음식,기타 간이,빵/도넛,서울특별시,강서구,염창동,염창동,서울특별시 강서구 공항대로 629,126.874843849435,37.5472322211543,파리바게트
249466,파리바게뜨화곡곰달래점,음식,기타 간이,빵/도넛,서울특별시,강서구,화곡2동,화곡동,서울특별시 강서구 곰달래로 178,126.852643223222,37.5308269639177,파리바게트
249564,파리바게뜨송정역점,음식,기타 간이,빵/도넛,서울특별시,강서구,공항동,공항동,서울특별시 강서구 공항대로 24,126.809937135907,37.5611565100407,파리바게트
249929,파리바게뜨연희,음식,기타 간이,빵/도넛,서울특별시,서대문구,연희동,연희동,서울특별시 서대문구 연희로 198,126.935619722709,37.5746737227524,파리바게트
251526,파리바게뜨충암점,음식,기타 간이,빵/도넛,서울특별시,서대문구,홍은2동,홍은동,서울특별시 서대문구 가좌로 144,126.92390281266,37.5848933594879,파리바게트
251813,파리바게뜨,음식,기타 간이,빵/도넛,서울특별시,은평구,증산동,증산동,서울특별시 은평구 증산로 299,126.909310559414,37.5839665127633,파리바게트
252054,파리바게뜨대림,음식,기타 간이,빵/도넛,서울특별시,은평구,응암3동,응암동,서울특별시 은평구 응암로 175,126.916378617483,37.5876627796295,파리바게트
252382,파리바게뜨,음식,기타 간이,빵/도넛,서울특별시,서대문구,남가좌1동,남가좌동,서울특별시 서대문구 수색로 32,126.9151025024,37.5694861927415,파리바게트
252757,파리바게트역촌2호,음식,기타 간이,빵/도넛,서울특별시,은평구,역촌동,역촌동,서울특별시 은평구 갈현로 46,126.910529858663,37.6020705045622,파리바게트
252905,파리바게뜨서부,음식,기타 간이,빵/도넛,서울특별시,은평구,응암1동,응암동,서울특별시 은평구 은평로 136,126.923024729911,37.6002569817453,파리바게트
254016,파리바게뜨홍제인왕점,음식,기타 간이,빵/도넛,서울특별시,서대문구,홍제3동,홍제동,서울특별시 서대문구 세무서길 27,126.945398414537,37.5892952113957,파리바게트
254210,파리바게뜨카페선릉,음식,기타 간이,빵/도넛,서울특별시,강남구,역삼1동,역삼동,서울특별시 강남구 선릉로 517,127.048131504225,37.5057130837829,파리바게트
254640,파리바게트,음식,기타 간이,빵/도넛,서울특별시,서대문구,충현동,충정로2가,서울특별시 서대문구 충정로 59,126.96491680012,37.5641217690704,파리바게트
255167,파리바게트역촌역점,음식,기타 간이,빵/도넛,서울특별시,은평구,대조동,대조동,서울특별시 은평구 서오릉로 86,126.921782538417,37.6078593570813,파리바게트
255571,파리바게트,음식,기타 간이,빵/도넛,서울특별시,은평구,불광1동,불광동,서울특별시 은평구 연서로 286,126.926190816323,37.6210726170317,파리바게트
255821,파리바게뜨연희대우점,음식,기타 간이,빵/도넛,서울특별시,서대문구,연희동,연희동,서울특별시 서대문구 연희로 44,126.927959937791,37.562521496733,파리바게트
256280,파리바게뜨,음식,기타 간이,빵/도넛,서울특별시,은평구,신사1동,신사동,서울특별시 은평구 은평로 59,126.914470529489,37.5989802377057,파리바게트
256531,파리바게트,음식,기타 간이,빵/도넛,서울특별시,서대문구,홍은1동,홍은동,서울특별시 서대문구 홍은중앙로 104,126.948696072586,37.5995693992981,파리바게트
256727,파리바게트불광현대,음식,기타 간이,빵/도넛,서울특별시,은평구,불광1동,불광동,서울특별시 은평구 불광로 38,126.930017250868,37.6109617736611,파리바게트
257034,파리바게뜨은평뉴타운5단지점,음식,기타 간이,빵/도넛,서울특별시,은평구,진관동,진관동,서울특별시 은평구 연서로 455,126.933797384628,37.6373330830211,파리바게트
257310,파리바게뜨은평,음식,기타 간이,빵/도넛,서울특별시,은평구,응암3동,응암동,서울특별시 은평구 응암로 247,126.91783492089,37.5942176424932,파리바게트
257348,파리바게트서대문,음식,기타 간이,빵/도넛,서울특별시,서대문구,충현동,충정로2가,서울특별시 서대문구 충정로9길 6,126.965025366635,37.5644561059903,파리바게트
257596,파리바게뜨까치산역점,음식,기타 간이,빵/도넛,서울특별시,강서구,화곡1동,화곡동,서울특별시 강서구 강서로 49,126.846173942403,37.5321425176074,파리바게트
258571,파리크라상파리바게뜨,음식,기타 간이,빵/도넛,서울특별시,강서구,방화2동,방화동,서울특별시 강서구 하늘길 38,126.802937461062,37.5713574580352,파리바게트
258987,파리바게트,음식,기타 간이,빵/도넛,서울특별시,동작구,사당3동,사당동,서울특별시 동작구 사당로23길 164,126.971531770945,37.4896269642331,파리바게트
259189,파리바게뜨마곡,음식,기타 간이,빵/도넛,서울특별시,강서구,발산1동,마곡동,서울특별시 강서구 공항대로 168,126.826118488312,37.5592641664068,파리바게트
259210,파리바게뜨등촌2동점,음식,기타 간이,빵/도넛,서울특별시,강서구,등촌2동,등촌동,서울특별시 강서구 등촌로39길 6,126.862002080417,37.5455773896045,파리바게트
259218,파리바게뜨내발산,음식,기타 간이,빵/도넛,서울특별시,강서구,발산1동,내발산동,서울특별시 강서구 강서로47길 165,126.826900465272,37.5534242470896,파리바게트
259283,파리바게뜨,음식,기타 간이,빵/도넛,서울특별시,구로구,신도림동,신도림동,서울특별시 구로구 신도림로19길 7,126.884456632521,37.511191735361,파리바게트
260276,파리바게뜨우,음식,기타 간이,빵/도넛,서울특별시,강서구,화곡3동,화곡동,서울특별시 강서구 강서로 247,126.836019519242,37.5477839335951,파리바게트
260864,파리바게트,음식,기타 간이,빵/도넛,서울특별시,강서구,화곡3동,화곡동,서울특별시 강서구 화곡로 161,126.839144814947,37.5418228270022,파리바게트
264141,파리바게뜨,음식,기타 간이,빵/도넛,서울특별시,서초구,방배본동,방배동,서울특별시 서초구 방배중앙로 185,126.985609098879,37.4955604685481,파리바게트
264692,파리바게뜨,음식,기타 간이,빵/도넛,서울특별시,구로구,구로4동,구로동,서울특별시 구로구 도림로 75,126.891692537874,37.489986190601,파리바게트
265338,파리바게트구로엘림점,음식,기타 간이,빵/도넛,서울특별시,구로구,신도림동,신도림동,서울특별시 구로구 신도림로 2,126.877256293319,37.5055821003318,파리바게트
265719,파리바게뜨,음식,기타 간이,빵/도넛,서울특별시,영등포구,영등포동,영등포동3가,서울특별시 영등포구 영중로 12,126.906487634536,37.5176059482191,파리바게트
266026,파리바게뜨구로,음식,기타 간이,빵/도넛,서울특별시,구로구,구로5동,구로동,서울특별시 구로구 구로중앙로 68,126.88897314593,37.4957003074359,파리바게트
267567,파리바게트온수역점,음식,기타 간이,빵/도넛,서울특별시,구로구,수궁동,온수동,서울특별시 구로구 부일로1길 4,126.821686292804,37.4920838792443,파리바게트
267731,파리바게트오류역남부점,음식,기타 간이,빵/도넛,서울특별시,구로구,오류2동,오류동,서울특별시 구로구 오류로8길 16,126.841515255738,37.4909824991178,파리바게트
267950,파리바게뜨온수남부점,음식,기타 간이,빵/도넛,서울특별시,구로구,수궁동,온수동,서울특별시 구로구 경인로3길 77,126.823523867109,37.4917237569548,파리바게트
268042,파리바게뜨신도림TM,음식,기타 간이,빵/도넛,서울특별시,구로구,구로5동,구로동,서울특별시 구로구 새말로 97,126.89020763235,37.5070380397769,파리바게트
268389,파리바게뜨,음식,기타 간이,빵/도넛,서울특별시,구로구,구로1동,구로동,서울특별시 구로구 구일로4길 46,126.87785916963,37.4932615512188,파리바게트
269391,파리바게뜨,음식,기타 간이,빵/도넛,서울특별시,관악구,중앙동,봉천동,서울특별시 관악구 봉천로 475,126.952964224882,37.4823275351086,파리바게트
269612,파리바게뜨상수점,음식,기타 간이,빵/도넛,서울특별시,마포구,서강동,상수동,서울특별시 마포구 와우산로 40,126.923189131974,37.547962340062,파리바게트
269623,파리바게뜨금천법원단지점,음식,기타 간이,빵/도넛,서울특별시,금천구,시흥1동,시흥동,서울특별시 금천구 독산로 135-1,126.904757331513,37.4594903744844,파리바게트
269982,파리바게뜨,음식,기타 간이,빵/도넛,서울특별시,관악구,보라매동,봉천동,서울특별시 관악구 봉천로23나길 69,126.939275481371,37.4868548515719,파리바게트
270799,파리바게뜨세곡지구점,음식,기타 간이,빵/도넛,서울특별시,강남구,세곡동,세곡동,서울특별시 강남구 헌릉로569길 3,127.10131591389,37.4667983334737,파리바게트
271957,파리크라상파리바게뜨,음식,기타 간이,빵/도넛,서울특별시,서초구,잠원동,잠원동,서울특별시 서초구 강남대로 603,127.01928558158,37.5155508825179,파리바게트
273183,파리바게뜨낙성대역점,음식,기타 간이,빵/도넛,서울특별시,관악구,인헌동,봉천동,서울특별시 관악구 봉천로 603,126.964378851658,37.4761568104736,파리바게트
273426,파리바게트금천은행나무점,음식,기타 간이,빵/도넛,서울특별시,금천구,시흥5동,시흥동,서울특별시 금천구 금하로 711,126.908993445309,37.4511137279083,파리바게트
274613,파리바게뜨신정역점,음식,기타 간이,빵/도넛,서울특별시,양천구,신정4동,신정동,서울특별시 양천구 오목로 149,126.853899793158,37.5248652868329,파리바게트
274747,파리바게뜨목3동점,음식,기타 간이,빵/도넛,서울특별시,양천구,목3동,목동,서울특별시 양천구 목동중앙북로 31,126.8670665397,37.5481670128521,파리바게트
274949,신목파리바게뜨,음식,기타 간이,빵/도넛,서울특별시,양천구,목4동,목동,서울특별시 양천구 목동중앙로 95,126.872204648748,37.5376290196901,파리바게트
275038,파리바게뜨양천,음식,기타 간이,빵/도넛,서울특별시,양천구,신정7동,신정동,서울특별시 양천구 목동동로 73,126.862794381015,37.515760669285,파리바게트
275055,파리바게트망우겸재점,음식,기타 간이,빵/도넛,서울특별시,중랑구,망우3동,망우동,서울특별시 중랑구 용마산로 442,127.097688919167,37.5906297551202,파리바게트
276012,파리바게뜨,음식,기타 간이,빵/도넛,서울특별시,양천구,신정3동,신정동,서울특별시 양천구 신정로 312,126.855491121621,37.5132663268317,파리바게트
276032,파리바게뜨,음식,기타 간이,빵/도넛,서울특별시,양천구,신월1동,신월동,서울특별시 양천구 곰달래로 46,126.837894599721,37.5297817109693,파리바게트
276077,파리바게트,음식,기타 간이,빵/도넛,서울특별시,양천구,신정6동,신정동,서울특별시 양천구 목동서로 295,126.869040208606,37.5208934988088,파리바게트
276358,파리바게트양천푸른점,음식,기타 간이,빵/도넛,서울특별시,양천구,신정3동,신정동,서울특별시 양천구 신정로7길 60-5,126.83808145921,37.5126278005272,파리바게트
276520,파리바게뜨신월5동점,음식,기타 간이,빵/도넛,서울특별시,양천구,신월5동,신월동,서울특별시 양천구 화곡로 50,126.827429546899,37.5391571455595,파리바게트
276898,파리바게뜨대방,음식,기타 간이,빵/도넛,서울특별시,동작구,대방동,대방동,서울특별시 동작구 여의대방로44길 10,126.926080127034,37.5073516159231,파리바게트
277045,파리바게뜨,음식,기타 간이,빵/도넛,서울특별시,동작구,신대방2동,신대방동,서울특별시 동작구 여의대방로 126,126.920556591639,37.4982006967314,파리바게트
278158,파리바게뜨,음식,기타 간이,빵/도넛,서울특별시,양천구,신월4동,신월동,서울특별시 양천구 신월로 165,126.841760666748,37.5182864172805,파리바게트
278177,파리바게뜨목동역점,음식,기타 간이,빵/도넛,서울특별시,양천구,목1동,목동,서울특별시 양천구 목동로 210,126.864428281815,37.5273727666051,파리바게트
279122,파리바게뜨,음식,기타 간이,빵/도넛,서울특별시,양천구,신정4동,신정동,서울특별시 양천구 오목로 218,126.861672799366,37.5255531719725,파리바게트
279748,파리바게트성수코오롱,음식,기타 간이,빵/도넛,서울특별시,성동구,성수2가1동,성수동2가,서울특별시 성동구 성수이로7길 27,127.053424371873,37.5415634678222,파리바게트
281299,파리바게트반포제일,음식,기타 간이,빵/도넛,서울특별시,서초구,반포1동,반포동,서울특별시 서초구 강남대로79길 59,127.02111064945,37.5039965022953,파리바게트
282427,파리바게트,음식,기타 간이,빵/도넛,서울특별시,서초구,반포2동,반포동,서울특별시 서초구 반포대로 287,127.001041815623,37.5043420879885,파리바게트
282471,파리바게트반포,음식,기타 간이,빵/도넛,서울특별시,서초구,반포1동,반포동,서울특별시 서초구 사평대로45길 10-25,127.013939400692,37.5066219952556,파리바게트
282799,파리바게뜨,음식,기타 간이,빵/도넛,서울특별시,서초구,방배3동,방배동,서울특별시 서초구 방배로 52,126.999418708672,37.4793421199888,파리바게트
282891,파리바게뜨신림남부점,음식,기타 간이,빵/도넛,서울특별시,관악구,대학동,신림동,서울특별시 관악구 호암로 602,126.933770811002,37.4707936206371,파리바게트
282929,파리바게트,음식,기타 간이,빵/도넛,서울특별시,금천구,가산동,가산동,서울특별시 금천구 가산디지털1로 2,126.887987626062,37.4668214816265,파리바게트
283317,파리바게트,음식,기타 간이,빵/도넛,서울특별시,금천구,시흥1동,시흥동,서울특별시 금천구 시흥대로 204,126.901879568918,37.4522192085926,파리바게트
283402,파리바게트금천석수,음식,기타 간이,빵/도넛,서울특별시,금천구,시흥3동,시흥동,서울특별시 금천구 시흥대로 6,126.903520056074,37.4342944541311,파리바게트
283468,파리바게뜨금천시흥2동점,음식,기타 간이,빵/도넛,서울특별시,금천구,시흥2동,시흥동,서울특별시 금천구 금하로 750,126.913645616749,37.4490661391638,파리바게트
284367,파리바게뜨신림,음식,기타 간이,빵/도넛,서울특별시,관악구,신원동,신림동,서울특별시 관악구 신원로 2,126.928139984831,37.4795639674591,파리바게트
284892,파리바게트신림,음식,기타 간이,빵/도넛,서울특별시,관악구,신림동,신림동,서울특별시 관악구 남부순환로 1601-1,126.928602878491,37.4843617535759,파리바게트
285622,파리바게뜨대치,음식,기타 간이,빵/도넛,서울특별시,강남구,대치2동,대치동,서울특별시 강남구 도곡로84길 6,127.062603597099,37.4988996894051,파리바게트
285871,파리바게트대치,음식,기타 간이,빵/도넛,서울특별시,강남구,대치4동,대치동,서울특별시 강남구 삼성로85길 11,127.056164781276,37.5045881509052,파리바게트
286376,파리바게뜨대치,음식,기타 간이,빵/도넛,서울특별시,강남구,대치1동,대치동,서울특별시 강남구 도곡로 444,127.05916530155,37.4980163512616,파리바게트
289364,파리바게트신논현교보,음식,기타 간이,빵/도넛,서울특별시,강남구,논현1동,논현동,서울특별시 강남구 강남대로118길 12,127.024767952616,37.5062883988467,파리바게트
289933,파리바게뜨하계벽산점,음식,기타 간이,빵/도넛,서울특별시,노원구,하계2동,하계동,서울특별시 노원구 섬밭로 209,127.065678771891,37.6349191469645,파리바게트
290322,파리바게뜨한티역점,음식,기타 간이,빵/도넛,서울특별시,강남구,대치4동,대치동,서울특별시 강남구 선릉로64길 19,127.053847169383,37.4982351829723,파리바게트
290579,파리바게트,음식,기타 간이,빵/도넛,서울특별시,강남구,개포2동,개포동,서울특별시 강남구 개포로82길 13-9,127.067741087903,37.4886502561248,파리바게트
290805,파리바게트대방역,음식,기타 간이,빵/도넛,서울특별시,영등포구,신길7동,신길동,서울특별시 영등포구 여의대방로62길 2,126.926654994466,37.5138083298398,파리바게트
292855,파리바게뜨난곡문성,음식,기타 간이,빵/도넛,서울특별시,관악구,미성동,신림동,서울특별시 관악구 난곡로 263,126.915121609868,37.4775439308683,파리바게트
293856,파리바게뜨중랑역점,음식,기타 간이,빵/도넛,서울특별시,중랑구,중화2동,중화동,서울특별시 중랑구 망우로 203,127.074921907571,37.593949565904,파리바게트
296170,파리바게뜨매봉역점,음식,기타 간이,빵/도넛,서울특별시,강남구,도곡2동,도곡동,서울특별시 강남구 남부순환로378길 8,127.045580920099,37.4857250848916,파리바게트
296398,파리바게트,음식,기타 간이,빵/도넛,서울특별시,은평구,진관동,진관동,서울특별시 은평구 진관4로 48-8,126.928195808865,37.6439499247014,파리바게트
296473,파리바게뜨난곡세이브점,음식,기타 간이,빵/도넛,서울특별시,관악구,미성동,신림동,서울특별시 관악구 난우길 16,126.918772816481,37.474450755445,파리바게트
296558,파리바게뜨정릉풍림점,음식,기타 간이,빵/도넛,서울특별시,성북구,정릉4동,정릉동,서울특별시 성북구 솔샘로25길 28,127.006946269606,37.618572202239,파리바게트
296722,파리바게뜨군자역점,음식,기타 간이,빵/도넛,서울특별시,광진구,군자동,군자동,서울특별시 광진구 능동로 297,127.078803748234,37.5564513153733,파리바게트
296951,파리바게뜨신길성애점,음식,기타 간이,빵/도넛,서울특별시,영등포구,신길1동,신길동,서울특별시 영등포구 영등포로84길 16,126.921694988076,37.5118349145632,파리바게트
297707,파리바게뜨신월7동점,음식,기타 간이,빵/도넛,서울특별시,양천구,신월7동,신월동,서울특별시 양천구 지양로 75,126.833317924241,37.5221678808718,파리바게트
298059,파리바게뜨도봉점,음식,기타 간이,빵/도넛,서울특별시,도봉구,도봉1동,도봉동,서울특별시 도봉구 도봉로 891,127.04572147564,37.6840188518174,파리바게트
298781,파리바게트동서울,음식,기타 간이,빵/도넛,서울특별시,광진구,구의3동,구의동,서울특별시 광진구 강변역로4길 10,127.093388186348,37.5353444204635,파리바게트
299509,파리바게뜨건대동문회관점,음식,기타 간이,빵/도넛,서울특별시,광진구,자양3동,자양동,서울특별시 광진구 아차산로36길 5,127.074624979128,37.5383345443223,파리바게트
300165,파리바게뜨충무로진,음식,기타 간이,빵/도넛,서울특별시,중구,광희동,충무로4가,서울특별시 중구 퇴계로 217,126.995909083531,37.5624161440179,파리바게트
303734,파리바게뜨서소문점,음식,기타 간이,빵/도넛,서울특별시,중구,소공동,서소문동,서울특별시 중구 서소문로 129,126.975210535252,37.5637880820868,파리바게트
304040,파리바게뜨천호,음식,기타 간이,빵/도넛,서울특별시,강동구,천호2동,천호동,서울특별시 강동구 올림픽로 665,127.123862108655,37.5409177009667,파리바게트
304202,파리바게뜨수유중앙,음식,기타 간이,빵/도넛,서울특별시,강북구,수유1동,수유동,서울특별시 강북구 삼양로 307,127.017579892126,37.6308432132406,파리바게트
309904,파리바게뜨제기동역점,음식,기타 간이,빵/도넛,서울특별시,동대문구,용신동,용두동,서울특별시 동대문구 왕산로 118,127.036321119687,37.5779805870512,파리바게트
310274,파리바게뜨방화점,음식,기타 간이,빵/도넛,서울특별시,강서구,방화1동,방화동,서울특별시 강서구 양천로 55,126.80982313533,37.5733012195025,파리바게트
311432,파리바게트강남,음식,기타 간이,빵/도넛,서울특별시,강남구,삼성2동,삼성동,서울특별시 강남구 봉은사로 478,127.052760619947,37.5126253472715,파리바게트
312261,파리바게트왕십리무학점,음식,기타 간이,빵/도넛,서울특별시,성동구,왕십리2동,하왕십리동,서울특별시 성동구 왕십리로 355,127.030471902112,37.5637051980965,파리바게트
313755,파리바게뜨신도림역점,음식,기타 간이,빵/도넛,서울특별시,구로구,신도림동,신도림동,서울특별시 구로구 경인로 661,126.886965798897,37.5090348833153,파리바게트
315500,파리바게뜨은평,음식,기타 간이,빵/도넛,서울특별시,은평구,응암1동,응암동,서울특별시 은평구 은평로 200-1,126.929976995826,37.6011221393223,파리바게트
319345,파리바게뜨송파,음식,기타 간이,빵/도넛,서울특별시,송파구,문정2동,문정동,서울특별시 송파구 새말로 62,127.121238155622,37.4809867596584,파리바게트
321504,파리바게뜨,음식,기타 간이,빵/도넛,서울특별시,광진구,구의2동,구의동,서울특별시 광진구 광나루로 545,127.089848656981,37.5463460822299,파리바게트
323794,파리바게뜨역사점,음식,기타 간이,빵/도넛,서울특별시,중구,광희동,광희동1가,서울특별시 중구 마른내로 165,127.006395117257,37.56462231412,파리바게트
324468,파리바게트강북,음식,기타 간이,빵/도넛,서울특별시,강북구,수유3동,수유동,서울특별시 강북구 한천로 1039,127.026320124366,37.6399890830665,파리바게트
324519,파리바게뜨은평뉴타운2지구점,음식,기타 간이,빵/도넛,서울특별시,은평구,진관동,진관동,서울특별시 은평구 진관2로 77,126.926589335946,37.6343213622661,파리바게트
324682,파리바게트,음식,기타 간이,빵/도넛,서울특별시,중구,필동,필동3가,서울특별시 중구 서애로1길 2,126.998134613005,37.5610474438045,파리바게트
324796,파리바게뜨길음래미안점,음식,기타 간이,빵/도넛,서울특별시,성북구,길음1동,길음동,서울특별시 성북구 길음로 20,127.023019608341,37.6047492990606,파리바게트
326117,파리바게트카페약수점,음식,기타 간이,빵/도넛,서울특별시,중구,다산동,신당동,서울특별시 중구 동호로 195,127.009845798867,37.555343513813,파리바게트
326283,파리바게뜨카페신당,음식,기타 간이,빵/도넛,서울특별시,중구,동화동,신당동,서울특별시 중구 다산로36길 14,127.016009851974,37.5625493458475,파리바게트
326591,파리바게뜨충무로점,음식,기타 간이,빵/도넛,서울특별시,중구,필동,필동1가,서울특별시 중구 퇴계로 188,126.99253476878,37.5608285928248,파리바게트
326641,명동역남산파리바게뜨,음식,기타 간이,빵/도넛,서울특별시,중구,명동,남산동1가,서울특별시 중구 퇴계로 118,126.98485317736,37.5605465428244,파리바게트
326800,파리바게뜨,음식,기타 간이,빵/도넛,서울특별시,금천구,시흥1동,시흥동,서울특별시 금천구 시흥대로63길 91,126.894494625302,37.4556013846788,파리바게트
327066,파리바게트,음식,기타 간이,빵/도넛,서울특별시,서초구,잠원동,잠원동,서울특별시 서초구 잠원로14길 41,127.014363951587,37.5164830500084,파리바게트
327071,파리바게뜨중화역점,음식,기타 간이,빵/도넛,서울특별시,중랑구,중화2동,중화동,서울특별시 중랑구 동일로 795,127.079121954122,37.6013889898464,파리바게트
327179,파리바게트,음식,기타 간이,빵/도넛,서울특별시,강남구,개포2동,개포동,서울특별시 강남구 선릉로 50,127.059525073144,37.4837554609109,파리바게트
329100,파리바게뜨,음식,기타 간이,빵/도넛,서울특별시,용산구,한남동,한남동,서울특별시 용산구 대사관로 73,127.006131231319,37.5333537944131,파리바게트
330014,파리바게트녹번역점,음식,기타 간이,빵/도넛,서울특별시,은평구,녹번동,녹번동,서울특별시 은평구 은평로 237,126.93413303998,37.6011327167171,파리바게트
330348,파리바게뜨면목,음식,기타 간이,빵/도넛,서울특별시,중랑구,면목본동,면목동,서울특별시 중랑구 면목로 362,127.088595220042,37.5842165236905,파리바게트
330683,파리바게뜨,음식,기타 간이,빵/도넛,서울특별시,동대문구,이문1동,이문동,서울특별시 동대문구 천장산로7길 4,127.057525288259,37.598695583424,파리바게트
333634,파리바게뜨신설동역점,음식,기타 간이,빵/도넛,서울특별시,동대문구,용신동,신설동,서울특별시 동대문구 왕산로 10,127.024845929094,37.5758860333365,파리바게트
333934,파리바게뜨,음식,기타 간이,빵/도넛,서울특별시,동대문구,청량리동,청량리동,서울특별시 동대문구 왕산로 225,127.047126673875,37.5820329004573,파리바게트
333952,파리바게트동답한신,음식,기타 간이,빵/도넛,서울특별시,동대문구,장안1동,장안동,서울특별시 동대문구 한천로 86,127.064135857431,37.5690857915035,파리바게트
334389,파리바게뜨,음식,기타 간이,빵/도넛,서울특별시,동대문구,전농1동,전농동,서울특별시 동대문구 전농로 151,127.057000331014,37.5783728556122,파리바게트
334529,파리바게뜨우림,음식,기타 간이,빵/도넛,서울특별시,중랑구,망우3동,망우동,서울특별시 중랑구 용마산로 497,127.099669840881,37.5953843826897,파리바게트
334680,파리바게뜨망우금란점,음식,기타 간이,빵/도넛,서울특별시,중랑구,망우본동,망우동,서울특별시 중랑구 망우로 467,127.103862899592,37.6007865234303,파리바게트
334931,파리바게뜨용마산역점,음식,기타 간이,빵/도넛,서울특별시,중랑구,면목4동,면목동,서울특별시 중랑구 답십리로75길 73,127.080465622652,37.5768640077704,파리바게트
335419,파리바게뜨휘경주공점,음식,기타 간이,빵/도넛,서울특별시,동대문구,장안2동,장안동,서울특별시 동대문구 사가정로25길 58,127.071126480129,37.5813501831107,파리바게트
335630,파리바게트,음식,기타 간이,빵/도넛,서울특별시,동대문구,장안2동,장안동,서울특별시 동대문구 한천로 189,127.067862705243,37.5779635547069,파리바게트
335643,파리바게뜨휘경점,음식,기타 간이,빵/도넛,서울특별시,동대문구,휘경2동,휘경동,서울특별시 동대문구 망우로 74,127.061342797138,37.58958942943,파리바게트
336514,파리바게트봉화산역점,음식,기타 간이,빵/도넛,서울특별시,중랑구,신내2동,신내동,서울특별시 중랑구 신내로 211,127.092597215517,37.6164236455441,파리바게트
336611,파리바게뜨광운대역점,음식,기타 간이,빵/도넛,서울특별시,노원구,월계1동,월계동,서울특별시 노원구 석계로 95,127.061161442701,37.6229445354147,파리바게트
336859,파리바게뜨까페안암,음식,기타 간이,빵/도넛,서울특별시,동대문구,제기동,제기동,서울특별시 동대문구 안암로 80,127.030109406902,37.5829305019798,파리바게트
337614,파리바게뜨장위동방점,음식,기타 간이,빵/도넛,서울특별시,성북구,장위1동,장위동,서울특별시 성북구 장위로 39,127.041095851379,37.6143855025114,파리바게트
337700,파리바게뜨,음식,기타 간이,빵/도넛,서울특별시,은평구,녹번동,녹번동,서울특별시 은평구 진흥로 196,126.931230614428,37.6084859221453,파리바게트
337795,파리바게뜨구산역점,음식,기타 간이,빵/도넛,서울특별시,은평구,대조동,대조동,서울특별시 은평구 서오릉로 140,126.917518586606,37.6113613714909,파리바게트
338151,파리바게트당산,음식,기타 간이,빵/도넛,서울특별시,영등포구,영등포동,영등포동8가,서울특별시 영등포구 영중로 133,126.905335799042,37.5283086724525,파리바게트
338547,파리바게뜨압구정신구초교점,음식,기타 간이,빵/도넛,서울특별시,강남구,신사동,신사동,서울특별시 강남구 압구정로18길 31,127.025568044016,37.5230455687921,파리바게트
340629,파리바게뜨사당,음식,기타 간이,빵/도넛,서울특별시,동작구,사당2동,사당동,서울특별시 동작구 동작대로29길 80,126.977895547078,37.4889883824666,파리바게트
341036,파리바게뜨,음식,기타 간이,빵/도넛,서울특별시,양천구,신정2동,신정동,서울특별시 양천구 목동동로12길 54,126.877052629834,37.5221953697849,파리바게트
341084,파리바게뜨,음식,기타 간이,빵/도넛,서울특별시,성북구,종암동,종암동,서울특별시 성북구 종암로 96,127.034817928504,37.5988274323553,파리바게트
341671,파리바게뜨중곡역점,음식,기타 간이,빵/도넛,서울특별시,광진구,중곡3동,중곡동,서울특별시 광진구 능동로 409,127.083796211331,37.5655997729823,파리바게트
341708,파리바게뜨왕십리민자역사점,음식,기타 간이,빵/도넛,서울특별시,성동구,행당1동,행당동,서울특별시 성동구 왕십리광장로 17,127.038379235542,37.5614361598608,파리바게트
341769,파리바게뜨광장,음식,기타 간이,빵/도넛,서울특별시,광진구,광장동,광장동,서울특별시 광진구 아차산로 537-17,127.099644411941,37.5429521266911,파리바게트
341911,파리바게뜨,음식,기타 간이,빵/도넛,서울특별시,광진구,군자동,군자동,서울특별시 광진구 능동로 209,127.073170747584,37.5516046351507,파리바게트
342210,파리바게뜨카페뚝섬유원지점,음식,기타 간이,빵/도넛,서울특별시,광진구,자양3동,자양동,서울특별시 광진구 능동로 18,127.067860902597,37.5326767997548,파리바게트
342214,군자사랑파리바게트,음식,기타 간이,빵/도넛,서울특별시,광진구,중곡2동,중곡동,서울특별시 광진구 천호대로 573,127.081813092887,37.5565558510547,파리바게트
342229,파리바게뜨,음식,기타 간이,빵/도넛,서울특별시,광진구,자양2동,자양동,서울특별시 광진구 뚝섬로 628,127.079217936015,37.5319819801278,파리바게트
342387,파리바게뜨마장대로점,음식,기타 간이,빵/도넛,서울특별시,성동구,마장동,마장동,서울특별시 성동구 고산자로 341-1,127.037360438254,37.5702400845474,파리바게트
342574,파리바게뜨답십리역점,음식,기타 간이,빵/도넛,서울특별시,성동구,용답동,용답동,서울특별시 성동구 천호대로 312,127.054543170401,37.5649726675631,파리바게트
343130,파리바게뜨중곡,음식,기타 간이,빵/도넛,서울특별시,광진구,중곡2동,중곡동,서울특별시 광진구 용마산로 45,127.087686120544,37.5575745122963,파리바게트
343418,파리바게뜨건대역,음식,기타 간이,빵/도넛,서울특별시,광진구,자양4동,자양동,서울특별시 광진구 아차산로30길 3,127.067899215598,37.5405072454665,파리바게트
343653,파리바게뜨까페옥수역점,음식,기타 간이,빵/도넛,서울특별시,성동구,옥수동,옥수동,서울특별시 성동구 한림말3길 2,127.016895258491,37.5416794779479,파리바게트
345725,파리바게트신금호역점,음식,기타 간이,빵/도넛,서울특별시,성동구,금호2.3가동,금호동2가,서울특별시 성동구 금호산길 65,127.019391095147,37.5541527024304,파리바게트
346167,파리바게뜨광진,음식,기타 간이,빵/도넛,서울특별시,광진구,구의1동,구의동,서울특별시 광진구 자양로 124,127.083525054102,37.5387553631958,파리바게트
2110,비알배스킨라빈스한남HIVE,음식,기타 간이,아이스크림/빙수,서울특별시,용산구,한남동,한남동,서울특별시 용산구 독서당로 93,127.010578694056,37.5350040176971,
5209,비알배스킨라빈스동부이촌점,음식,기타 간이,아이스크림/빙수,서울특별시,용산구,이촌1동,이촌동,서울특별시 용산구 이촌로 260,126.976135156198,37.5185366105608,
9630,배스킨라빈스상계역점,음식,기타 간이,아이스크림/빙수,서울특별시,노원구,중계4동,중계동,서울특별시 노원구 한글비석로 384,127.073221344673,37.6598021754275,
10223,배스킨라빈스길동역점,음식,기타 간이,아이스크림/빙수,서울특별시,강동구,길동,길동,서울특별시 강동구 양재대로 1471,127.139247347881,37.5373545388776,
10559,비알배스킨라빈스서울대병원,음식,기타 간이,아이스크림/빙수,서울특별시,종로구,이화동,연건동,서울특별시 종로구 대학로 101,126.997184076959,37.5804478224547,
11208,베스킨라빈스화곡,음식,기타 간이,아이스크림/빙수,서울특별시,강서구,화곡1동,화곡동,서울특별시 강서구 가로공원로76길 73,126.838530849393,37.5339867967981,
12869,배스킨라빈스여의KBS별관점,음식,기타 간이,아이스크림/빙수,서울특별시,영등포구,여의동,여의도동,서울특별시 영등포구 여의대방로 383,126.931485478426,37.5193304843403,
14374,배스킨라빈스용마산역점,음식,기타 간이,아이스크림/빙수,서울특별시,중랑구,면목4동,면목동,서울특별시 중랑구 면목로 243,127.085008385173,37.574772834693,
15378,배스킨라빈스응암,음식,기타 간이,아이스크림/빙수,서울특별시,은평구,응암1동,응암동,서울특별시 은평구 응암로 328,126.922619694825,37.600073078424,
15764,베스킨라빈스한성대역점,음식,기타 간이,아이스크림/빙수,서울특별시,성북구,성북동,동소문동1가,서울특별시 성북구 동소문로 3,127.006480849458,37.5888430432856,
19537,배스킨라빈스신창,음식,기타 간이,아이스크림/빙수,서울특별시,도봉구,창3동,창동,서울특별시 도봉구 덕릉로 220,127.037375765389,37.6376019624711,
20653,베스킨라빈스신길래미안점,음식,기타 간이,아이스크림/빙수,서울특별시,영등포구,신길3동,신길동,서울특별시 영등포구 가마산로 442,126.909655954429,37.5051017116005,
23368,배스킨라빈스성동,음식,기타 간이,아이스크림/빙수,서울특별시,성동구,금호4가동,금호동4가,서울특별시 성동구 독서당로 314,127.023907898096,37.5479999366784,
24568,비알배스킨라빈스강남신논현,음식,기타 간이,아이스크림/빙수,서울특별시,서초구,서초4동,서초동,서울특별시 서초구 강남대로69길 8,127.024633598592,37.5018360824047,
25395,배스킨라빈스북한산,음식,기타 간이,아이스크림/빙수,서울특별시,서대문구,홍은1동,홍은동,서울특별시 서대문구 홍은중앙로3길 9,126.944718600991,37.5989482291061,
25825,배스킨라빈스31대방역점,음식,기타 간이,아이스크림/빙수,서울특별시,동작구,대방동,대방동,서울특별시 동작구 알마타길 6,126.924959178503,37.5098012748359,
27448,베스킨라빈스,음식,기타 간이,아이스크림/빙수,서울특별시,구로구,구로4동,구로동,서울특별시 구로구 도림로 75,126.891692537874,37.489986190601,
28865,베스킨라빈스불광현대점,음식,기타 간이,아이스크림/빙수,서울특별시,은평구,불광1동,불광동,서울특별시 은평구 불광로 40,126.930332538782,37.6110907763858,
29460,베스킨라빈스,음식,기타 간이,아이스크림/빙수,서울특별시,성동구,성수1가2동,성수동1가,서울특별시 성동구 왕십리로 114,127.044723701574,37.5476746007002,
30761,배스킨라빈스,음식,기타 간이,아이스크림/빙수,서울특별시,관악구,조원동,신림동,서울특별시 관악구 난곡로 351,126.913640407788,37.4853604386341,
30870,배스킨라빈스신풍역,음식,기타 간이,아이스크림/빙수,서울특별시,영등포구,신길5동,신길동,서울특별시 영등포구 신길로 71,126.908182731203,37.4990871388397,
32712,배스킨라빈스/던킨흑석DT점,음식,기타 간이,아이스크림/빙수,서울특별시,동작구,흑석동,흑석동,서울특별시 동작구 현충로 101,126.965227283769,37.508088500892,
32722,배스킨라빈스,음식,기타 간이,아이스크림/빙수,서울특별시,도봉구,창1동,창동,서울특별시 도봉구 도봉로 468,127.034348607085,37.6473804750805,
34840,비알배스킨라빈스중앙대,음식,기타 간이,아이스크림/빙수,서울특별시,동작구,흑석동,흑석동,서울특별시 동작구 흑석로 87,126.959354923212,37.5074241971416,
36120,비알배스킨라빈스대학로,음식,기타 간이,아이스크림/빙수,서울특별시,종로구,혜화동,혜화동,서울특별시 종로구 대학로 142,127.001963282771,37.5837320744162,
37619,배스킨라빈스금천,음식,기타 간이,아이스크림/빙수,서울특별시,금천구,독산2동,독산동,서울특별시 금천구 독산로 205,126.902165605291,37.4651249262558,
37711,배스킨라빈스,음식,기타 간이,아이스크림/빙수,서울특별시,송파구,오금동,오금동,서울특별시 송파구 동남로 312,127.138520636192,37.503136023933,
39242,배스킨라빈스상계백,음식,기타 간이,아이스크림/빙수,서울특별시,노원구,상계6.7동,상계동,서울특별시 노원구 동일로 1343,127.061984554132,37.6484864681663,
40786,배스킨라빈스가양,음식,기타 간이,아이스크림/빙수,서울특별시,강서구,가양2동,가양동,서울특별시 강서구 양천로 431,126.84994610305,37.5642561332798,
40892,비알배스킨라빈스한남,음식,기타 간이,아이스크림/빙수,서울특별시,용산구,한남동,한남동,서울특별시 용산구 대사관로 66-1,127.005409092781,37.5332035469131,
44261,베스킨라빈스우,음식,기타 간이,아이스크림/빙수,서울특별시,강서구,발산1동,내발산동,서울특별시 강서구 강서로 259,126.83598007726,37.5488647844455,
48417,배스킨라빈스양천향교역점,음식,기타 간이,아이스크림/빙수,서울특별시,강서구,가양1동,마곡동,서울특별시 강서구 강서로 471,126.84055856385,37.5674350512757,
50354,배스킨라빈스영등포역남부점,음식,기타 간이,아이스크림/빙수,서울특별시,영등포구,영등포본동,영등포동,서울특별시 영등포구 영신로9나길 18,126.905808485568,37.5137612128002,
54708,베스킨라빈스은평뉴타운점,음식,기타 간이,아이스크림/빙수,서울특별시,은평구,진관동,진관동,서울특별시 은평구 진관4로 17,126.922885911367,37.6436402655523,
58464,베스킨라빈스상왕십리센트라스점,음식,기타 간이,아이스크림/빙수,서울특별시,성동구,왕십리도선동,하왕십리동,서울특별시 성동구 왕십리로 410,127.024062147888,37.5665447401941,
59389,비알배스킨라빈스위례중앙,음식,기타 간이,아이스크림/빙수,서울특별시,송파구,위례동,장지동,서울특별시 송파구 위례광장로 136,127.142435872182,37.4772499141621,
60341,배스킨라빈스중계,음식,기타 간이,아이스크림/빙수,서울특별시,노원구,중계1동,중계동,서울특별시 노원구 노원로 330,127.070924140659,37.6467821708058,
60750,배스킨라빈스구로,음식,기타 간이,아이스크림/빙수,서울특별시,구로구,고척1동,고척동,서울특별시 구로구 경인로47길 18,126.866861702421,37.5003739304345,
61952,비알배스킨라빈스BROWN청담,음식,기타 간이,아이스크림/빙수,서울특별시,강남구,압구정동,신사동,서울특별시 강남구 도산대로 327,127.037581707952,37.5231080360865,
63729,배스킨라빈스홈플러스,음식,기타 간이,아이스크림/빙수,서울특별시,동대문구,용신동,용두동,서울특별시 동대문구 천호대로 133,127.03875415289,37.5745404145486,
63800,베스킨라빈스롯데마트몰,음식,기타 간이,아이스크림/빙수,서울특별시,은평구,진관동,진관동,서울특별시 은평구 통일로 1050,126.917886817677,37.6375306116819,
63898,배스킨라빈스,음식,기타 간이,아이스크림/빙수,서울특별시,중랑구,상봉2동,상봉동,서울특별시 중랑구 면목로 495,127.085302918245,37.5960398027359,
66545,배스킨라빈스강남은곡,음식,기타 간이,아이스크림/빙수,서울특별시,강남구,세곡동,세곡동,서울특별시 강남구 헌릉로569길 3,127.10131591389,37.4667983334737,
66727,배스킨라빈스성북아리랑점,음식,기타 간이,아이스크림/빙수,서울특별시,성북구,동선동,동선동5가,서울특별시 성북구 아리랑로 46,127.015378250626,37.5967656605033,
66875,배스킨라빈스먹골역점,음식,기타 간이,아이스크림/빙수,서울특별시,중랑구,묵1동,묵동,서울특별시 중랑구 동일로 918,127.077661234466,37.6123793094622,
69388,베스킨라빈스,음식,기타 간이,아이스크림/빙수,서울특별시,노원구,중계2.3동,중계동,서울특별시 노원구 동일로203가길 29,127.064268489462,37.6398636729934,
70405,배스킨라빈스신내홈플러스,음식,기타 간이,아이스크림/빙수,서울특별시,중랑구,신내2동,신내동,서울특별시 중랑구 신내로 201,127.093714836609,37.6158015049246,
71261,배스킨라빈스도봉점,음식,기타 간이,아이스크림/빙수,서울특별시,도봉구,도봉1동,도봉동,서울특별시 도봉구 도봉로 883-2,127.045501676555,37.6834764558519,
72392,베스킨라빈스영등포,음식,기타 간이,아이스크림/빙수,서울특별시,영등포구,신길1동,신길동,서울특별시 영등포구 도신로 228,126.916482098528,37.5117241357754,
73392,배스킨라빈스신림남부점,음식,기타 간이,아이스크림/빙수,서울특별시,관악구,대학동,신림동,서울특별시 관악구 신림로 115,126.936451944471,37.470664605062,
75377,베스킨라빈스광장현대점,음식,기타 간이,아이스크림/빙수,서울특별시,광진구,광장동,광장동,서울특별시 광진구 아차산로 494,127.096667440005,37.5411453051848,
76413,베스킨라빈스수유벽산점,음식,기타 간이,아이스크림/빙수,서울특별시,강북구,인수동,수유동,서울특별시 강북구 삼양로 421,127.01658407273,37.641070661517,
77668,베스킨라빈스송파,음식,기타 간이,아이스크림/빙수,서울특별시,송파구,석촌동,석촌동,서울특별시 송파구 가락로 115,127.108859827064,37.5017085701009,
78988,배스킨라빈스,음식,기타 간이,아이스크림/빙수,서울특별시,강남구,역삼1동,역삼동,서울특별시 강남구 선릉로93길 12,127.047287314423,37.5053909086585,
79631,베스킨라빈스석수역점,음식,기타 간이,아이스크림/빙수,서울특별시,금천구,시흥3동,시흥동,서울특별시 금천구 시흥대로 8,126.903470263572,37.4346093615943,
80132,배스킨라빈스망우우림점,음식,기타 간이,아이스크림/빙수,서울특별시,중랑구,망우본동,망우동,서울특별시 중랑구 용마산로 498,127.100313951323,37.5954974197669,
81344,배스킨라빈스건대동문회관점,음식,기타 간이,아이스크림/빙수,서울특별시,광진구,자양3동,자양동,서울특별시 광진구 아차산로 288,127.074895965984,37.5383817201642,
82570,배스킨라빈스중랑역,음식,기타 간이,아이스크림/빙수,서울특별시,중랑구,중화2동,중화동,서울특별시 중랑구 망우로 203,127.074921907571,37.593949565904,
83990,베스킨라빈스31옥수역점,음식,기타 간이,아이스크림/빙수,서울특별시,성동구,옥수동,옥수동,서울특별시 성동구 한림말1길 10,127.016639946813,37.5421639179146,
84116,배스킨라빈스화양,음식,기타 간이,아이스크림/빙수,서울특별시,광진구,군자동,군자동,서울특별시 광진구 광나루로 361,127.069724520217,37.5484238574589,
89899,배스킨라빈스,음식,기타 간이,아이스크림/빙수,서울특별시,노원구,공릉2동,공릉동,서울특별시 노원구 노원로1길 67,127.08361746095,37.620814405899,
92131,배스킨라빈스서강신수점,음식,기타 간이,아이스크림/빙수,서울특별시,마포구,대흥동,신수동,서울특별시 마포구 백범로 71,126.939752746503,37.549049317652,
93367,배스킨라빈스,음식,기타 간이,아이스크림/빙수,서울특별시,동작구,상도2동,상도동,서울특별시 동작구 상도로 207,126.941963667651,37.505503643943,
95740,배스킨라빈스대림,음식,기타 간이,아이스크림/빙수,서울특별시,동작구,신대방1동,신대방동,서울특별시 동작구 시흥대로 664-1,126.908506386054,37.4908365410653,
99060,베스킨라빈스,음식,기타 간이,아이스크림/빙수,서울특별시,서대문구,천연동,영천동,서울특별시 서대문구 통일로 199,126.961177121337,37.5709548469902,
102452,배스킨라빈스보라매공원점,음식,기타 간이,아이스크림/빙수,서울특별시,동작구,신대방2동,신대방동,서울특별시 동작구 여의대방로 86-1,126.91632559535,37.4967292937278,
102544,배스킨라빈스반포역점,음식,기타 간이,아이스크림/빙수,서울특별시,서초구,잠원동,잠원동,서울특별시 서초구 나루터로4길 61,127.013448018261,37.5095823555688,
104972,배스킨라빈스,음식,기타 간이,아이스크림/빙수,서울특별시,강동구,상일1동,상일동,서울특별시 강동구 상일로 39,127.172605890904,37.5505772145942,
107397,배스킨라빈스성북,음식,기타 간이,아이스크림/빙수,서울특별시,성북구,종암동,종암동,서울특별시 성북구 종암로 109,127.033865393605,37.5998017728192,
107973,배스킨라빈스대림우성점,음식,기타 간이,아이스크림/빙수,서울특별시,영등포구,대림3동,대림동,서울특별시 영등포구 대림로 157,126.899446100163,37.4948612545325,
108293,배스킨라빈스,음식,기타 간이,아이스크림/빙수,서울특별시,서초구,서초3동,방배동,서울특별시 서초구 효령로 186,127.004329367657,37.4824742270877,
109581,베스킨라빈스강서,음식,기타 간이,아이스크림/빙수,서울특별시,강서구,화곡6동,화곡동,서울특별시 강서구 화곡로 296,126.84902474267,37.5505694760409,
111691,배스킨라빈스잠실학원가점,음식,기타 간이,아이스크림/빙수,서울특별시,송파구,잠실본동,잠실동,서울특별시 송파구 석촌호수로 114,127.089517232334,37.5075170657047,
112032,배스킨라빈스구로NC점,음식,기타 간이,아이스크림/빙수,서울특별시,구로구,구로5동,구로동,서울특별시 구로구 구로중앙로 152,126.882408589255,37.5013780362844,
112103,베스킨라빈스선유도역점,음식,기타 간이,아이스크림/빙수,서울특별시,영등포구,양평2동,양평동4가,서울특별시 영등포구 양평로 112,126.895234755859,37.5373691783437,
113283,배스킨라빈스,음식,기타 간이,아이스크림/빙수,서울특별시,관악구,행운동,봉천동,서울특별시 관악구 남부순환로 1917,126.962343222046,37.4778329313054,
113729,배스킨라빈스금천롯데,음식,기타 간이,아이스크림/빙수,서울특별시,금천구,독산1동,독산동,서울특별시 금천구 시흥대로 315,126.896246634182,37.4609790165811,
117552,배스킨라빈스삼양,음식,기타 간이,아이스크림/빙수,서울특별시,강북구,삼양동,미아동,서울특별시 강북구 삼양로 235,127.01825451902,37.6243433545796,
121187,배스킨라빈스,음식,기타 간이,아이스크림/빙수,서울특별시,구로구,신도림동,신도림동,서울특별시 구로구 경인로 611-7,126.883792618326,37.5064099352039,
121837,배스킨라빈스마포성산점,음식,기타 간이,아이스크림/빙수,서울특별시,마포구,성산2동,성산동,서울특별시 마포구 월드컵북로 189,126.907471368672,37.5680372303688,
122918,배스킨라빈스방학,음식,기타 간이,아이스크림/빙수,서울특별시,도봉구,방학1동,방학동,서울특별시 도봉구 도봉로 675,127.042364355408,37.6647096002896,
123082,배스킨라빈스금천,음식,기타 간이,아이스크림/빙수,서울특별시,금천구,가산동,가산동,서울특별시 금천구 가산로 111,126.89291112556,37.4756078899548,
123546,배스킨라빈스신방화역점,음식,기타 간이,아이스크림/빙수,서울특별시,강서구,방화1동,마곡동,서울특별시 강서구 마곡중앙5로 81,126.818751290008,37.5670837012694,
126218,배스킨라빈스플로우도곡,음식,기타 간이,아이스크림/빙수,서울특별시,강남구,도곡1동,도곡동,서울특별시 강남구 남부순환로363길 16,127.038109779218,37.4863673189678,
129556,배스킨라빈스고속터미널경부선점,음식,기타 간이,아이스크림/빙수,서울특별시,서초구,반포4동,반포동,서울특별시 서초구 신반포로 194,127.00681633008,37.5064271601893,
135535,배스킨라빈스,음식,기타 간이,아이스크림/빙수,서울특별시,종로구,평창동,평창동,서울특별시 종로구 평창12길 3,126.967211144248,37.6061662689608,
137704,배스킨라빈스영등포문래,음식,기타 간이,아이스크림/빙수,서울특별시,영등포구,문래동,문래동3가,서울특별시 영등포구 문래로 79-4,126.890946200059,37.5198037413023,
138050,배스킨라빈스개봉,음식,기타 간이,아이스크림/빙수,서울특별시,구로구,개봉2동,개봉동,서울특별시 구로구 개봉로 59,126.855695082774,37.4910125777342,
140529,배스킨라빈스봉천역점,음식,기타 간이,아이스크림/빙수,서울특별시,관악구,청룡동,봉천동,서울특별시 관악구 남부순환로 1726,126.941785329006,37.4820747579644,
143881,배스킨라빈스구의,음식,기타 간이,아이스크림/빙수,서울특별시,광진구,구의2동,구의동,서울특별시 광진구 광나루로 527,127.088256331637,37.5451444091447,
146688,베스킨라빈스,음식,기타 간이,아이스크림/빙수,서울특별시,강서구,화곡3동,화곡동,서울특별시 강서구 화곡로 149,126.838157433052,37.5412815055026,
147533,배스킨라빈스신월,음식,기타 간이,아이스크림/빙수,서울특별시,양천구,신월3동,신월동,서울특별시 양천구 남부순환로 358,126.828478521983,37.5350318109267,
148833,배스킨라빈스,음식,기타 간이,아이스크림/빙수,서울특별시,강남구,개포4동,개포동,서울특별시 강남구 개포로 216,127.046408695426,37.478424181676,
149023,배스킨라빈스개봉역사점,음식,기타 간이,아이스크림/빙수,서울특별시,구로구,개봉1동,개봉동,서울특별시 구로구 경인로40길 47,126.85909077095,37.4945144373752,
151603,배스킨라빈스고덕그라시움,음식,기타 간이,아이스크림/빙수,서울특별시,강동구,고덕2동,고덕동,서울특별시 강동구 고덕로 333,127.159471263976,37.5561971380176,
152343,비알배스킨라빈스석촌호수,음식,기타 간이,아이스크림/빙수,서울특별시,송파구,석촌동,석촌동,서울특별시 송파구 석촌호수로 230,127.102446087895,37.5074628334377,
153179,배스킨라빈스,음식,기타 간이,아이스크림/빙수,서울특별시,송파구,마천2동,마천동,서울특별시 송파구 성내천로 220,127.151884170772,37.4995834207739,
153418,베스킨라빈스,음식,기타 간이,아이스크림/빙수,서울특별시,은평구,진관동,진관동,서울특별시 은평구 진관2로 77,126.926589335946,37.6343213622661,
154548,배스킨라빈스구로전화국사거리,음식,기타 간이,아이스크림/빙수,서울특별시,금천구,독산3동,독산동,서울특별시 금천구 남부순환로 1386,126.904722062623,37.4797276366293,
155572,베스킨라빈스길음점,음식,기타 간이,아이스크림/빙수,서울특별시,성북구,길음1동,길음동,서울특별시 성북구 동소문로 248,127.024542784767,37.6034553919939,
162769,배스킨라빈스잠실새내,음식,기타 간이,아이스크림/빙수,서울특별시,송파구,잠실본동,잠실동,서울특별시 송파구 백제고분로7길 29,127.082146524008,37.5108930504304,
173641,배스킨라빈스FLOW,음식,기타 간이,아이스크림/빙수,서울특별시,강서구,화곡8동,화곡동,서울특별시 강서구 곰달래로 147,126.84922633396,37.5308297578501,
174739,베스킨라빈스,음식,기타 간이,아이스크림/빙수,서울특별시,강남구,개포3동,일원동,서울특별시 강남구 개포로110길 43,127.079669209116,37.4915550854452,
175204,배스킨라빈스,음식,기타 간이,아이스크림/빙수,서울특별시,서초구,방배1동,방배동,서울특별시 서초구 방배로 100,126.996754457504,37.4832661502927,
175748,배스킨라빈스,음식,기타 간이,아이스크림/빙수,서울특별시,강동구,명일2동,명일동,서울특별시 강동구 동남로73길 17,127.155062237457,37.5527416594019,
179013,배스킨라빈스개봉,음식,기타 간이,아이스크림/빙수,서울특별시,구로구,개봉1동,개봉동,서울특별시 구로구 남부순환로 775,126.847142345267,37.5015617140101,
180933,베스킨라빈스창동,음식,기타 간이,아이스크림/빙수,서울특별시,도봉구,창4동,창동,서울특별시 도봉구 마들로11길 65,127.04964921151,37.6534064990232,
183322,베스킨라빈스31,음식,기타 간이,아이스크림/빙수,서울특별시,용산구,후암동,후암동,서울특별시 용산구 후암로 50,126.977418783407,37.5504627861452,
184482,배스킨라빈스FLOW압구정현대점,음식,기타 간이,아이스크림/빙수,서울특별시,강남구,압구정동,압구정동,서울특별시 강남구 압구정로29길 71,127.028304754856,37.5335923889483,
186611,베스킨라빈스,음식,기타 간이,아이스크림/빙수,서울특별시,양천구,신정7동,신정동,서울특별시 양천구 목동남로 46,126.86471059118,37.5087419757957,
188182,배스킨라빈스목동사거리,음식,기타 간이,아이스크림/빙수,서울특별시,강서구,화곡4동,화곡동,서울특별시 강서구 등촌로 49-2,126.863256127542,37.534533751131,
188657,비알배스킨라빈스강남대로,음식,기타 간이,아이스크림/빙수,서울특별시,강남구,역삼1동,역삼동,서울특별시 강남구 강남대로 442,127.026044486533,37.5020549661299,
192656,비알배스킨라빈스광화문,음식,기타 간이,아이스크림/빙수,서울특별시,종로구,종로1.2.3.4가동,청진동,서울특별시 종로구 종로5길 7,126.980539444393,37.5706100508639,
193610,배스킨라빈스둔촌역점,음식,기타 간이,아이스크림/빙수,서울특별시,강동구,성내3동,성내동,서울특별시 강동구 양재대로 1349,127.135341975344,37.5267115547958,
194671,배스킨라빈스구로천왕역점,음식,기타 간이,아이스크림/빙수,서울특별시,구로구,오류2동,천왕동,서울특별시 구로구 오리로 1141,126.838822471494,37.4859642881259,
194808,배스킨라빈스,음식,기타 간이,아이스크림/빙수,서울특별시,서대문구,홍은2동,홍은동,서울특별시 서대문구 연희로 276,126.936550223287,37.5816831636979,
195219,배스킨라빈스잠실홈플러스,음식,기타 간이,아이스크림/빙수,서울특별시,송파구,잠실6동,신천동,서울특별시 송파구 올림픽로35가길 16,127.102985725638,37.5162432391894,
196230,베스킨라빈스신정이펜하우스점,음식,기타 간이,아이스크림/빙수,서울특별시,양천구,신정3동,신정동,서울특별시 양천구 신정로7길 75,126.833698069659,37.5130080851589,
197059,배스킨라빈스송파하비오,음식,기타 간이,아이스크림/빙수,서울특별시,송파구,문정2동,문정동,서울특별시 송파구 송파대로 111,127.124872301331,37.4796170833121,
198035,베스킨라빈스,음식,기타 간이,아이스크림/빙수,서울특별시,성동구,행당2동,행당동,서울특별시 성동구 행당로 101,127.030140603202,37.5578276571037,
200754,배스킨라빈스,음식,기타 간이,아이스크림/빙수,서울특별시,강북구,우이동,우이동,서울특별시 강북구 삼양로 547,127.012444428805,37.6516322180747,
207187,배스킨라빈스,음식,기타 간이,아이스크림/빙수,서울특별시,서초구,서초4동,서초동,서울특별시 서초구 서초대로 331,127.017618778878,37.495137182088,
208558,배스킨라빈스관악은천,음식,기타 간이,아이스크림/빙수,서울특별시,관악구,보라매동,봉천동,서울특별시 관악구 은천로 27,126.938547087827,37.4863887737881,
209274,배스킨라빈스강북,음식,기타 간이,아이스크림/빙수,서울특별시,강북구,수유3동,수유동,서울특별시 강북구 한천로 1044,127.02638092944,37.6405392155287,
209760,베스킨라빈스증미역점,음식,기타 간이,아이스크림/빙수,서울특별시,강서구,염창동,염창동,서울특별시 강서구 양천로 605,126.86562103421,37.5554334967261,
210528,비알배스킨라빈스파르나스몰,음식,기타 간이,아이스크림/빙수,서울특별시,강남구,삼성1동,삼성동,서울특별시 강남구 테헤란로 521,127.060789660534,37.5091843579469,
212219,배스킨라빈스고척,음식,기타 간이,아이스크림/빙수,서울특별시,구로구,고척1동,고척동,서울특별시 구로구 중앙로5길 59,126.859429724285,37.5004826118822,
213831,베스킨라빈스,음식,기타 간이,아이스크림/빙수,서울특별시,종로구,숭인1동,숭인동,서울특별시 종로구 종로 347,127.015983120935,37.5740464429401,
215813,배스킨라빈스강서,음식,기타 간이,아이스크림/빙수,서울특별시,강서구,등촌1동,등촌동,서울특별시 강서구 화곡로 398,126.854800245129,37.5584556189768,
218535,베스킨라빈스31만리,음식,기타 간이,아이스크림/빙수,서울특별시,중구,중림동,만리동2가,서울특별시 중구 만리재로 175,126.964446269041,37.5547738424185,
219048,배스킨라빈스신정2동점,음식,기타 간이,아이스크림/빙수,서울특별시,양천구,신정2동,신정동,서울특별시 양천구 신목로 76,126.87407650154,37.5215002644694,
220548,배스킨라빈스당고개점,음식,기타 간이,아이스크림/빙수,서울특별시,노원구,상계3.4동,상계동,서울특별시 노원구 덕릉로118길 7,127.079291093823,37.6675625584553,
228611,배스킨라빈스마포,음식,기타 간이,아이스크림/빙수,서울특별시,마포구,용강동,용강동,서울특별시 마포구 큰우물로 52,126.944276460755,37.5420437030997,
232778,배스킨라빈스마포도화점,음식,기타 간이,아이스크림/빙수,서울특별시,마포구,도화동,도화동,서울특별시 마포구 삼개로 10-1,126.947379530428,37.5394493706963,
234097,베스킨라빈스,음식,기타 간이,아이스크림/빙수,서울특별시,마포구,상암동,상암동,서울특별시 마포구 상암산로1길 24,126.889318862893,37.5776530664739,
234460,배스킨라빈스,음식,기타 간이,아이스크림/빙수,서울특별시,마포구,망원1동,망원동,서울특별시 마포구 월드컵로 105,126.907916237065,37.5577244764061,
234990,베스킨라빈스마포구청역점,음식,기타 간이,아이스크림/빙수,서울특별시,마포구,성산1동,성산동,서울특별시 마포구 월드컵로 150,126.90558808907,37.5613611283718,
239549,배스킨라빈스신대방삼거리역점,음식,기타 간이,아이스크림/빙수,서울특별시,동작구,대방동,대방동,서울특별시 동작구 상도로 69,126.928357596914,37.4999476726813,
241873,베스킨라빈스,음식,기타 간이,아이스크림/빙수,서울특별시,동작구,노량진1동,노량진동,서울특별시 동작구 만양로 105,126.94398655603,37.5128472617661,
243431,배스킨라빈스숭실대점,음식,기타 간이,아이스크림/빙수,서울특별시,동작구,상도1동,상도동,서울특별시 동작구 상도로 364-1,126.953405776462,37.4960634663945,
243611,베스킨라빈스이수역점,음식,기타 간이,아이스크림/빙수,서울특별시,동작구,사당2동,사당동,서울특별시 동작구 동작대로27길 15,126.981003528529,37.4874473980109,
244018,배스킨라빈스,음식,기타 간이,아이스크림/빙수,서울특별시,동작구,사당4동,사당동,서울특별시 동작구 사당로 236,126.973757462232,37.483158737271,
245303,배스킨라빈스,음식,기타 간이,아이스크림/빙수,서울특별시,영등포구,당산2동,당산동5가,서울특별시 영등포구 양평로 67,126.899298794634,37.5349292703139,
246489,배스킨라빈스영등포,음식,기타 간이,아이스크림/빙수,서울특별시,영등포구,당산1동,당산동1가,서울특별시 영등포구 당산로 104,126.896395810844,37.5238464056064,
247842,베스킨라빈스,음식,기타 간이,아이스크림/빙수,서울특별시,강서구,등촌3동,등촌동,서울특별시 강서구 강서로 380,126.838848550642,37.5594621394871,
248190,베스킨라빈스송정역점,음식,기타 간이,아이스크림/빙수,서울특별시,강서구,공항동,공항동,서울특별시 강서구 공항대로 34,126.810935734149,37.5609953765901,
250752,배스킨라빈스,음식,기타 간이,아이스크림/빙수,서울특별시,강남구,개포2동,개포동,서울특별시 강남구 개포로 510,127.068332626721,37.489276653401,
252245,베스킨라빈스,음식,기타 간이,아이스크림/빙수,서울특별시,관악구,보라매동,봉천동,서울특별시 관악구 봉천로 223-1,126.926656495562,37.4900026766565,
253007,베스킨라빈스홍제,음식,기타 간이,아이스크림/빙수,서울특별시,서대문구,홍제2동,홍제동,서울특별시 서대문구 통일로 420,126.946506980614,37.5869624179312,
253529,베스킨라빈스,음식,기타 간이,아이스크림/빙수,서울특별시,은평구,갈현2동,갈현동,서울특별시 은평구 서오릉로 150,126.916547481701,37.6119381290033,
253554,베스킨라빈스,음식,기타 간이,아이스크림/빙수,서울특별시,은평구,대조동,대조동,서울특별시 은평구 통일로 721,126.929917557068,37.6100147867872,
253711,베스킨라빈스녹번역점,음식,기타 간이,아이스크림/빙수,서울특별시,은평구,녹번동,녹번동,서울특별시 은평구 은평로 235,126.933906059207,37.6011667078494,
253720,배스킨라빈스북,음식,기타 간이,아이스크림/빙수,서울특별시,서대문구,북가좌2동,북가좌동,서울특별시 서대문구 응암로 53,126.9097570371,37.5781950086813,
255504,배스킨라빈스,음식,기타 간이,아이스크림/빙수,서울특별시,서대문구,연희동,연희동,서울특별시 서대문구 연희맛로 23,126.929648274982,37.5671411203509,
256003,베스킨라빈스응암역점,음식,기타 간이,아이스크림/빙수,서울특별시,은평구,역촌동,역촌동,서울특별시 은평구 은평로 65,126.914956107046,37.5990748062066,
256097,배스킨라빈스,음식,기타 간이,아이스크림/빙수,서울특별시,은평구,갈현1동,갈현동,서울특별시 은평구 통일로 855-7,126.919958259082,37.6188802943104,
262112,베스킨라빈스,음식,기타 간이,아이스크림/빙수,서울특별시,은평구,응암3동,응암동,서울특별시 은평구 응암로 181,126.916495445556,37.5881954620021,
265404,베스킨라빈스,음식,기타 간이,아이스크림/빙수,서울특별시,구로구,구로3동,구로동,서울특별시 구로구 디지털로32길 43,126.897869806414,37.4843854057524,
267420,베스킨라빈스신도림테크노마트점,음식,기타 간이,아이스크림/빙수,서울특별시,구로구,구로5동,구로동,서울특별시 구로구 새말로 97,126.89020763235,37.5070380397769,
267832,베스킨라빈스신도림,음식,기타 간이,아이스크림/빙수,서울특별시,구로구,신도림동,신도림동,서울특별시 구로구 경인로 661,126.886965798897,37.5090348833153,
268489,베스킨라빈스,음식,기타 간이,아이스크림/빙수,서울특별시,송파구,방이2동,방이동,서울특별시 송파구 백제고분로 465,127.113033666263,37.5121832630602,
271206,배스킨라빈스관악난향점,음식,기타 간이,아이스크림/빙수,서울특별시,관악구,난향동,신림동,서울특별시 관악구 난곡로 98,126.919442347265,37.4640677569199,
272037,비알배스킨라빈스반포서래마을,음식,기타 간이,아이스크림/빙수,서울특별시,서초구,반포4동,반포동,서울특별시 서초구 서래로 39,126.998201277061,37.498542284594,
275660,베스킨라빈스등촌역점,음식,기타 간이,아이스크림/빙수,서울특별시,양천구,목3동,목동,서울특별시 양천구 공항대로 562,126.867516144635,37.5491174134509,
276538,배스킨라빈스,음식,기타 간이,아이스크림/빙수,서울특별시,양천구,신정1동,신정동,서울특별시 양천구 신월로 348,126.859559942768,37.5216583211476,
276540,베스킨라빈스목동,음식,기타 간이,아이스크림/빙수,서울특별시,양천구,목5동,목동,서울특별시 양천구 목동서로 63,126.879161266727,37.5362626050942,
278143,베스킨라빈스,음식,기타 간이,아이스크림/빙수,서울특별시,양천구,신정7동,신정동,서울특별시 양천구 목동동로 59,126.861606317753,37.515037402336,
278913,배스킨라빈스,음식,기타 간이,아이스크림/빙수,서울특별시,양천구,신정1동,신정동,서울특별시 양천구 중앙로 262,126.853388534976,37.5198325301774,
279215,배스킨라빈스,음식,기타 간이,아이스크림/빙수,서울특별시,양천구,목1동,목동,서울특별시 양천구 목동로 210,126.864428281815,37.5273727666051,
282846,베스킨라빈스,음식,기타 간이,아이스크림/빙수,서울특별시,서초구,반포4동,반포동,서울특별시 서초구 고무래로8길 2,127.010506671376,37.5027638142378,
285186,베스킨라빈스,음식,기타 간이,아이스크림/빙수,서울특별시,금천구,독산1동,독산동,서울특별시 금천구 시흥대로 391,126.896868619428,37.4686527631328,
285304,베스킨라빈스,음식,기타 간이,아이스크림/빙수,서울특별시,관악구,난곡동,신림동,서울특별시 관악구 난곡로 213,126.917777791465,37.4736757527552,
286346,베스킨라빈스은마,음식,기타 간이,아이스크림/빙수,서울특별시,강남구,대치2동,대치동,서울특별시 강남구 도곡로 504,127.061598284576,37.4988016019982,
290026,배스킨라빈스삼성플래티넘,음식,기타 간이,아이스크림/빙수,서울특별시,강남구,삼성2동,삼성동,서울특별시 강남구 봉은사로 474,127.052006131015,37.5123579883076,
290264,베스킨라빈스대치,음식,기타 간이,아이스크림/빙수,서울특별시,강남구,대치4동,대치동,서울특별시 강남구 선릉로64길 5,127.052619471603,37.4978378890953,
291475,배스킨라빈스,음식,기타 간이,아이스크림/빙수,서울특별시,관악구,중앙동,봉천동,서울특별시 관악구 봉천로 475,126.952964224882,37.4823275351086,
292206,배스킨라빈스,음식,기타 간이,아이스크림/빙수,서울특별시,금천구,시흥1동,시흥동,서울특별시 금천구 시흥대로 229,126.900359911467,37.4541153090441,
292292,베스킨라빈스아이스크림,음식,기타 간이,아이스크림/빙수,서울특별시,관악구,남현동,남현동,서울특별시 관악구 과천대로 949,126.981303735068,37.4753308059951,
293422,베스킨라빈스,음식,기타 간이,아이스크림/빙수,서울특별시,성북구,안암동,안암동5가,서울특별시 성북구 고려대로24길 25,127.029527197268,37.585043166522,
295253,배스킨라빈스영등포,음식,기타 간이,아이스크림/빙수,서울특별시,영등포구,문래동,문래동3가,서울특별시 영등포구 당산로 42,126.895867705872,37.5182279780668,
295941,베스킨라빈스31,음식,기타 간이,아이스크림/빙수,서울특별시,강서구,염창동,염창동,서울특별시 강서구 양천로 711,126.874951268095,37.5498732808466,
296282,베스킨라빈스,음식,기타 간이,아이스크림/빙수,서울특별시,강북구,삼양동,미아동,서울특별시 강북구 솔샘로 225,127.01774340471,37.6201402733438,
296534,배스킨라빈스내방점,음식,기타 간이,아이스크림/빙수,서울특별시,서초구,방배4동,방배동,서울특별시 서초구 방배로 200,126.991659889403,37.4913142466709,
298132,베스킨라빈스,음식,기타 간이,아이스크림/빙수,서울특별시,강남구,대치4동,대치동,서울특별시 강남구 선릉로 402,127.050987513032,37.5007892662467,
298375,배스킨라빈스목동,음식,기타 간이,아이스크림/빙수,서울특별시,양천구,목1동,목동,서울특별시 양천구 오목로 299,126.870342171311,37.5260779264084,
299913,비알배스킨라빈스홍대상상마당,음식,기타 간이,아이스크림/빙수,서울특별시,마포구,서교동,서교동,서울특별시 마포구 어울마당로 61,126.920991038154,37.5505012263072,
300990,배스킨라빈스,음식,기타 간이,아이스크림/빙수,서울특별시,강동구,강일동,강일동,서울특별시 강동구 아리수로 427,127.174586296998,37.5649539025937,
301408,베스킨라빈스구로,음식,기타 간이,아이스크림/빙수,서울특별시,구로구,오류1동,오류동,서울특별시 구로구 경인로 197,126.842943806439,37.4958711354393,
302788,배스킨라빈스,음식,기타 간이,아이스크림/빙수,서울특별시,서대문구,신촌동,대현동,서울특별시 서대문구 신촌로 173-1,126.945265698244,37.5569647809148,
305255,베스킨라빈스,음식,기타 간이,아이스크림/빙수,서울특별시,강북구,미아동,미아동,서울특별시 강북구 도봉로 193,127.025970279951,37.6259931231247,
307040,배스킨라빈스효창센터포레,음식,기타 간이,아이스크림/빙수,서울특별시,용산구,효창동,효창동,서울특별시 용산구 백범로 313,126.962963885014,37.5392358564137,
310872,비알배스킨라빈스삼청마당점,음식,기타 간이,아이스크림/빙수,서울특별시,종로구,삼청동,화동,서울특별시 종로구 율곡로3길 74-1,126.982213795537,37.579004174959,
311819,베스킨라빈스,음식,기타 간이,아이스크림/빙수,서울특별시,마포구,합정동,합정동,서울특별시 마포구 독막로 9,126.914597696439,37.5488838290873,
315905,배스킨라빈스사당방배,음식,기타 간이,아이스크림/빙수,서울특별시,서초구,방배2동,방배동,서울특별시 서초구 동작대로 44,126.982196189991,37.4803844047686,
316374,베스킨라빈스,음식,기타 간이,아이스크림/빙수,서울특별시,송파구,문정2동,문정동,서울특별시 송파구 충민로 10,127.119370608348,37.4782606521025,
320773,배스킨라빈스보문역점,음식,기타 간이,아이스크림/빙수,서울특별시,성북구,보문동,보문동2가,서울특별시 성북구 보문로 113,127.019269006686,37.5850484841789,
321801,배스킨라빈스장한평역점,음식,기타 간이,아이스크림/빙수,서울특별시,동대문구,장안1동,장안동,서울특별시 동대문구 장한로 27,127.065954643127,37.5639462036854,
324778,배스킨라빈스,음식,기타 간이,아이스크림/빙수,서울특별시,중랑구,망우본동,망우동,서울특별시 중랑구 양원역로10길 3,127.106340928327,37.606644082086,
324896,베스킨라빈스창동역,음식,기타 간이,아이스크림/빙수,서울특별시,도봉구,창5동,창동,서울특별시 도봉구 노해로65길 17,127.046074019248,37.6520531230651,
325036,베스킨라빈스둔촌,음식,기타 간이,아이스크림/빙수,서울특별시,강동구,둔촌2동,둔촌동,서울특별시 강동구 천호대로 1200,127.144642879281,37.5345464025386,
325406,배스킨라빈스청계천점,음식,기타 간이,아이스크림/빙수,서울특별시,중구,황학동,황학동,서울특별시 중구 청계천로 400,127.021448203321,37.5708030625306,
325784,베스킨라빈스굿모닝시티점,음식,기타 간이,아이스크림/빙수,서울특별시,중구,광희동,을지로6가,서울특별시 중구 장충단로 247,127.007339777453,37.5667927655946,
330871,베스킨라빈스31,음식,기타 간이,아이스크림/빙수,서울특별시,중랑구,면목3.8동,면목동,서울특별시 중랑구 사가정로 395,127.08865915906,37.5808290819723,
332683,베스킨라빈스,음식,기타 간이,아이스크림/빙수,서울특별시,동대문구,장안2동,장안동,서울특별시 동대문구 장한로 130,127.071822168428,37.5718225841748,
336516,배스킨라빈스외대점,음식,기타 간이,아이스크림/빙수,서울특별시,동대문구,이문1동,이문동,서울특별시 동대문구 휘경로 21,127.062376284547,37.595661665876,
337155,배스킨라빈스31,음식,기타 간이,아이스크림/빙수,서울특별시,동대문구,회기동,회기동,서울특별시 동대문구 경희대로4길 2,127.052655217862,37.5924844529008,
337374,배스킨라빈스,음식,기타 간이,아이스크림/빙수,서울특별시,동대문구,전농2동,전농동,서울특별시 동대문구 사가정로 148,127.061516773319,37.5766337889916,
337703,배스킨라빈스노원역점,음식,기타 간이,아이스크림/빙수,서울특별시,노원구,상계6.7동,상계동,서울특별시 노원구 노해로 492,127.06265754677,37.6544476562407,
340198,배스킨라빈스아현역점,음식,기타 간이,아이스크림/빙수,서울특별시,서대문구,북아현동,북아현동,서울특별시 서대문구 신촌로35길 10,126.955950687973,37.558537459221,
340804,배스킨라빈스방화역점,음식,기타 간이,아이스크림/빙수,서울특별시,강서구,방화3동,방화동,서울특별시 강서구 금낭화로 146,126.813288950552,37.5781836387184,
341843,베스킨라빈스,음식,기타 간이,아이스크림/빙수,서울특별시,성동구,용답동,용답동,서울특별시 성동구 용답중앙15길 16,127.054127925867,37.5646900168353,
342050,배스킨라빈스,음식,기타 간이,아이스크림/빙수,서울특별시,성동구,사근동,행당동,서울특별시 성동구 마조로 25,127.04089869257,37.5600330001779,
342370,베스킨라빈스군자점,음식,기타 간이,아이스크림/빙수,서울특별시,광진구,군자동,군자동,서울특별시 광진구 천호대로 548,127.079012895356,37.5569305034381,
342664,배스킨라빈스건대스타시티점,음식,기타 간이,아이스크림/빙수,서울특별시,광진구,자양3동,자양동,서울특별시 광진구 아차산로 262,127.072944230258,37.5369968145663,
342994,베스킨라빈스중곡역점,음식,기타 간이,아이스크림/빙수,서울특별시,광진구,중곡3동,중곡동,서울특별시 광진구 능동로 415,127.084151563141,37.5661611804639,
343011,베스킨라빈스,음식,기타 간이,아이스크림/빙수,서울특별시,광진구,구의1동,구의동,서울특별시 광진구 아차산로 375,127.084349088885,37.5370677758761,
343537,베스킨라빈스,음식,기타 간이,아이스크림/빙수,서울특별시,광진구,자양3동,자양동,서울특별시 광진구 뚝섬로 552,127.071257785585,37.5342984266508,
343583,베스킨라빈스,음식,기타 간이,아이스크림/빙수,서울특별시,광진구,구의2동,구의동,서울특별시 광진구 천호대로 659,127.089912146156,37.5522935128352,
344599,비알베스킨라빈스왕십리민자역사점,음식,기타 간이,아이스크림/빙수,서울특별시,성동구,행당1동,행당동,서울특별시 성동구 왕십리광장로 17,127.038379235542,37.5614361598608,
